date,product_id,sku,quantity_demanded
2026-02-26,1,BED-001,4
2026-02-27,1,BED-001,3
2026-02-28,1,BED-001,2
2026-03-01,1,BED-001,3
2026-03-02,1,BED-001,1
2026-03-03,1,BED-001,10
2026-03-04,1,BED-001,3
2026-03-05,1,BED-001,3
2026-03-06,1,BED-001,1
2026-03-07,1,BED-001,3
2026-03-08,1,BED-001,3
2026-03-09,1,BED-001,1
2026-03-10,1,BED-001,4
2026-03-11,1,BED-001,3
2026-03-12,1,BED-001,1
2026-03-13,1,BED-001,2
2026-03-14,1,BED-001,1
2026-03-15,1,BED-001,3
2026-03-16,1,BED-001,5
2026-03-17,1,BED-001,2
2026-03-18,1,BED-001,4
2026-03-19,1,BED-001,0
2026-03-20,1,BED-001,5
2026-03-21,1,BED-001,2
2026-03-22,1,BED-001,1
2026-03-23,1,BED-001,0
2026-03-24,1,BED-001,3
2026-03-25,1,BED-001,14
2026-03-26,1,BED-001,2
2026-03-27,1,BED-001,4
2026-03-28,1,BED-001,3
2026-03-29,1,BED-001,2
2026-03-30,1,BED-001,2
2026-03-31,1,BED-001,6
2026-04-01,1,BED-001,2
2026-04-02,1,BED-001,3
2026-04-03,1,BED-001,5
2026-04-04,1,BED-001,1
2026-04-05,1,BED-001,3
2026-04-06,1,BED-001,5
2026-04-07,1,BED-001,4
2026-04-08,1,BED-001,2
2026-04-09,1,BED-001,5
2026-04-10,1,BED-001,0
2026-04-11,1,BED-001,2
2026-04-12,1,BED-001,1
2026-04-13,1,BED-001,4
2026-04-14,1,BED-001,4
2026-04-15,1,BED-001,8
2026-04-16,1,BED-001,8
2026-04-17,1,BED-001,2
2026-04-18,1,BED-001,0
2026-04-19,1,BED-001,0
2026-04-20,1,BED-001,4
2026-04-21,1,BED-001,2
2026-04-22,1,BED-001,2
2026-04-23,1,BED-001,1
2026-04-24,1,BED-001,2
2026-04-25,1,BED-001,2
2026-04-26,1,BED-001,3
2026-04-27,1,BED-001,4
2026-04-28,1,BED-001,2
2026-04-29,1,BED-001,3
2026-04-30,1,BED-001,8
2026-05-01,1,BED-001,4
2026-05-02,1,BED-001,8
2026-05-03,1,BED-001,1
2026-05-04,1,BED-001,3
2026-05-05,1,BED-001,1
2026-05-06,1,BED-001,4
2026-05-07,1,BED-001,1
2026-05-08,1,BED-001,10
2026-05-09,1,BED-001,4
2026-05-10,1,BED-001,1
2026-05-11,1,BED-001,6
2026-05-12,1,BED-001,3
2026-05-13,1,BED-001,4
2026-05-14,1,BED-001,1
2026-05-15,1,BED-001,9
2026-05-16,1,BED-001,1
2026-05-17,1,BED-001,1
2026-05-18,1,BED-001,2
2026-05-19,1,BED-001,7
2026-05-20,1,BED-001,4
2026-05-21,1,BED-001,2
2026-05-22,1,BED-001,12
2026-05-23,1,BED-001,2
2026-05-24,1,BED-001,2
2026-05-25,1,BED-001,2
2026-05-26,1,BED-001,1
2026-05-27,1,BED-001,4
2026-05-28,1,BED-001,5
2026-05-29,1,BED-001,4
2026-05-30,1,BED-001,2
2026-05-31,1,BED-001,3
2026-06-01,1,BED-001,6
2026-06-02,1,BED-001,2
2026-06-03,1,BED-001,3
2026-06-04,1,BED-001,4
2026-06-05,1,BED-001,2
2026-06-06,1,BED-001,0
2026-06-07,1,BED-001,4
2026-06-08,1,BED-001,2
2026-06-09,1,BED-001,1
2026-06-10,1,BED-001,2
2026-06-11,1,BED-001,3
2026-06-12,1,BED-001,3
2026-06-13,1,BED-001,1
2026-06-14,1,BED-001,0
2026-06-15,1,BED-001,3
2026-06-16,1,BED-001,7
2026-06-17,1,BED-001,2
2026-06-18,1,BED-001,2
2026-06-19,1,BED-001,2
2026-06-20,1,BED-001,0
2026-06-21,1,BED-001,0
2026-06-22,1,BED-001,1
2026-06-23,1,BED-001,3
2026-06-24,1,BED-001,4
2026-06-25,1,BED-001,5
2026-06-26,1,BED-001,0
2026-06-27,1,BED-001,5
2026-06-28,1,BED-001,1
2026-06-29,1,BED-001,0
2026-06-30,1,BED-001,5
2026-07-01,1,BED-001,2
2026-07-02,1,BED-001,5
2026-07-03,1,BED-001,1
2026-07-04,1,BED-001,1
2026-07-05,1,BED-001,2
2026-07-06,1,BED-001,3
2026-07-07,1,BED-001,2
2026-07-08,1,BED-001,5
2026-07-09,1,BED-001,5
2026-07-10,1,BED-001,15
2026-07-11,1,BED-001,1
2026-07-12,1,BED-001,1
2026-07-13,1,BED-001,1
2026-07-14,1,BED-001,1
2026-07-15,1,BED-001,3
2026-07-16,1,BED-001,1
2026-07-17,1,BED-001,3
2026-07-18,1,BED-001,2
2026-07-19,1,BED-001,2
2026-07-20,1,BED-001,5
2026-07-21,1,BED-001,1
2026-07-22,1,BED-001,6
2026-07-23,1,BED-001,3
2026-07-24,1,BED-001,3
2026-07-25,1,BED-001,1
2026-07-26,1,BED-001,2
2026-07-27,1,BED-001,3
2026-07-28,1,BED-001,2
2026-07-29,1,BED-001,3
2026-07-30,1,BED-001,4
2026-07-31,1,BED-001,4
2026-08-01,1,BED-001,0
2026-08-02,1,BED-001,0
2026-08-03,1,BED-001,3
2026-08-04,1,BED-001,1
2026-08-05,1,BED-001,3
2026-08-06,1,BED-001,11
2026-08-07,1,BED-001,4
2026-08-08,1,BED-001,1
2026-08-09,1,BED-001,0
2026-08-10,1,BED-001,2
2026-08-11,1,BED-001,1
2026-08-12,1,BED-001,5
2026-08-13,1,BED-001,5
2026-08-14,1,BED-001,5
2026-08-15,1,BED-001,1
2026-08-16,1,BED-001,0
2026-08-17,1,BED-001,5
2026-08-18,1,BED-001,3
2026-08-19,1,BED-001,1
2026-08-20,1,BED-001,3
2026-08-21,1,BED-001,3
2026-08-22,1,BED-001,0
2026-08-23,1,BED-001,0
2026-08-24,1,BED-001,2
2026-02-26,2,BED-002,4
2026-02-27,2,BED-002,3
2026-02-28,2,BED-002,3
2026-03-01,2,BED-002,4
2026-03-02,2,BED-002,3
2026-03-03,2,BED-002,12
2026-03-04,2,BED-002,3
2026-03-05,2,BED-002,4
2026-03-06,2,BED-002,4
2026-03-07,2,BED-002,0
2026-03-08,2,BED-002,4
2026-03-09,2,BED-002,19
2026-03-10,2,BED-002,1
2026-03-11,2,BED-002,5
2026-03-12,2,BED-002,3
2026-03-13,2,BED-002,2
2026-03-14,2,BED-002,3
2026-03-15,2,BED-002,4
2026-03-16,2,BED-002,1
2026-03-17,2,BED-002,4
2026-03-18,2,BED-002,2
2026-03-19,2,BED-002,11
2026-03-20,2,BED-002,6
2026-03-21,2,BED-002,3
2026-03-22,2,BED-002,1
2026-03-23,2,BED-002,3
2026-03-24,2,BED-002,7
2026-03-25,2,BED-002,5
2026-03-26,2,BED-002,2
2026-03-27,2,BED-002,2
2026-03-28,2,BED-002,0
2026-03-29,2,BED-002,2
2026-03-30,2,BED-002,5
2026-03-31,2,BED-002,6
2026-04-01,2,BED-002,2
2026-04-02,2,BED-002,0
2026-04-03,2,BED-002,1
2026-04-04,2,BED-002,2
2026-04-05,2,BED-002,2
2026-04-06,2,BED-002,5
2026-04-07,2,BED-002,6
2026-04-08,2,BED-002,5
2026-04-09,2,BED-002,6
2026-04-10,2,BED-002,16
2026-04-11,2,BED-002,0
2026-04-12,2,BED-002,1
2026-04-13,2,BED-002,5
2026-04-14,2,BED-002,4
2026-04-15,2,BED-002,2
2026-04-16,2,BED-002,4
2026-04-17,2,BED-002,5
2026-04-18,2,BED-002,0
2026-04-19,2,BED-002,4
2026-04-20,2,BED-002,2
2026-04-21,2,BED-002,2
2026-04-22,2,BED-002,6
2026-04-23,2,BED-002,3
2026-04-24,2,BED-002,5
2026-04-25,2,BED-002,4
2026-04-26,2,BED-002,1
2026-04-27,2,BED-002,4
2026-04-28,2,BED-002,3
2026-04-29,2,BED-002,4
2026-04-30,2,BED-002,5
2026-05-01,2,BED-002,3
2026-05-02,2,BED-002,3
2026-05-03,2,BED-002,0
2026-05-04,2,BED-002,5
2026-05-05,2,BED-002,6
2026-05-06,2,BED-002,3
2026-05-07,2,BED-002,8
2026-05-08,2,BED-002,2
2026-05-09,2,BED-002,5
2026-05-10,2,BED-002,4
2026-05-11,2,BED-002,3
2026-05-12,2,BED-002,5
2026-05-13,2,BED-002,3
2026-05-14,2,BED-002,5
2026-05-15,2,BED-002,5
2026-05-16,2,BED-002,1
2026-05-17,2,BED-002,4
2026-05-18,2,BED-002,4
2026-05-19,2,BED-002,6
2026-05-20,2,BED-002,2
2026-05-21,2,BED-002,4
2026-05-22,2,BED-002,5
2026-05-23,2,BED-002,1
2026-05-24,2,BED-002,3
2026-05-25,2,BED-002,4
2026-05-26,2,BED-002,6
2026-05-27,2,BED-002,1
2026-05-28,2,BED-002,2
2026-05-29,2,BED-002,3
2026-05-30,2,BED-002,1
2026-05-31,2,BED-002,1
2026-06-01,2,BED-002,5
2026-06-02,2,BED-002,4
2026-06-03,2,BED-002,8
2026-06-04,2,BED-002,3
2026-06-05,2,BED-002,5
2026-06-06,2,BED-002,2
2026-06-07,2,BED-002,1
2026-06-08,2,BED-002,9
2026-06-09,2,BED-002,4
2026-06-10,2,BED-002,6
2026-06-11,2,BED-002,3
2026-06-12,2,BED-002,6
2026-06-13,2,BED-002,2
2026-06-14,2,BED-002,1
2026-06-15,2,BED-002,4
2026-06-16,2,BED-002,6
2026-06-17,2,BED-002,1
2026-06-18,2,BED-002,2
2026-06-19,2,BED-002,1
2026-06-20,2,BED-002,2
2026-06-21,2,BED-002,4
2026-06-22,2,BED-002,2
2026-06-23,2,BED-002,7
2026-06-24,2,BED-002,2
2026-06-25,2,BED-002,4
2026-06-26,2,BED-002,4
2026-06-27,2,BED-002,4
2026-06-28,2,BED-002,2
2026-06-29,2,BED-002,14
2026-06-30,2,BED-002,2
2026-07-01,2,BED-002,2
2026-07-02,2,BED-002,5
2026-07-03,2,BED-002,1
2026-07-04,2,BED-002,1
2026-07-05,2,BED-002,2
2026-07-06,2,BED-002,5
2026-07-07,2,BED-002,2
2026-07-08,2,BED-002,8
2026-07-09,2,BED-002,4
2026-07-10,2,BED-002,7
2026-07-11,2,BED-002,5
2026-07-12,2,BED-002,4
2026-07-13,2,BED-002,3
2026-07-14,2,BED-002,1
2026-07-15,2,BED-002,3
2026-07-16,2,BED-002,5
2026-07-17,2,BED-002,7
2026-07-18,2,BED-002,0
2026-07-19,2,BED-002,0
2026-07-20,2,BED-002,5
2026-07-21,2,BED-002,2
2026-07-22,2,BED-002,4
2026-07-23,2,BED-002,4
2026-07-24,2,BED-002,4
2026-07-25,2,BED-002,2
2026-07-26,2,BED-002,1
2026-07-27,2,BED-002,3
2026-07-28,2,BED-002,4
2026-07-29,2,BED-002,3
2026-07-30,2,BED-002,5
2026-07-31,2,BED-002,3
2026-08-01,2,BED-002,1
2026-08-02,2,BED-002,1
2026-08-03,2,BED-002,5
2026-08-04,2,BED-002,5
2026-08-05,2,BED-002,2
2026-08-06,2,BED-002,3
2026-08-07,2,BED-002,3
2026-08-08,2,BED-002,4
2026-08-09,2,BED-002,1
2026-08-10,2,BED-002,6
2026-08-11,2,BED-002,6
2026-08-12,2,BED-002,9
2026-08-13,2,BED-002,3
2026-08-14,2,BED-002,8
2026-08-15,2,BED-002,2
2026-08-16,2,BED-002,2
2026-08-17,2,BED-002,1
2026-08-18,2,BED-002,3
2026-08-19,2,BED-002,4
2026-08-20,2,BED-002,4
2026-08-21,2,BED-002,5
2026-08-22,2,BED-002,2
2026-08-23,2,BED-002,3
2026-08-24,2,BED-002,7
2026-02-26,3,BED-003,2
2026-02-27,3,BED-003,1
2026-02-28,3,BED-003,2
2026-03-01,3,BED-003,1
2026-03-02,3,BED-003,3
2026-03-03,3,BED-003,2
2026-03-04,3,BED-003,1
2026-03-05,3,BED-003,1
2026-03-06,3,BED-003,1
2026-03-07,3,BED-003,0
2026-03-08,3,BED-003,2
2026-03-09,3,BED-003,2
2026-03-10,3,BED-003,2
2026-03-11,3,BED-003,0
2026-03-12,3,BED-003,1
2026-03-13,3,BED-003,2
2026-03-14,3,BED-003,1
2026-03-15,3,BED-003,0
2026-03-16,3,BED-003,2
2026-03-17,3,BED-003,0
2026-03-18,3,BED-003,1
2026-03-19,3,BED-003,3
2026-03-20,3,BED-003,4
2026-03-21,3,BED-003,2
2026-03-22,3,BED-003,1
2026-03-23,3,BED-003,2
2026-03-24,3,BED-003,1
2026-03-25,3,BED-003,2
2026-03-26,3,BED-003,1
2026-03-27,3,BED-003,3
2026-03-28,3,BED-003,1
2026-03-29,3,BED-003,1
2026-03-30,3,BED-003,0
2026-03-31,3,BED-003,2
2026-04-01,3,BED-003,0
2026-04-02,3,BED-003,1
2026-04-03,3,BED-003,4
2026-04-04,3,BED-003,0
2026-04-05,3,BED-003,0
2026-04-06,3,BED-003,1
2026-04-07,3,BED-003,6
2026-04-08,3,BED-003,1
2026-04-09,3,BED-003,3
2026-04-10,3,BED-003,0
2026-04-11,3,BED-003,0
2026-04-12,3,BED-003,1
2026-04-13,3,BED-003,3
2026-04-14,3,BED-003,1
2026-04-15,3,BED-003,1
2026-04-16,3,BED-003,3
2026-04-17,3,BED-003,1
2026-04-18,3,BED-003,2
2026-04-19,3,BED-003,6
2026-04-20,3,BED-003,2
2026-04-21,3,BED-003,1
2026-04-22,3,BED-003,0
2026-04-23,3,BED-003,6
2026-04-24,3,BED-003,3
2026-04-25,3,BED-003,0
2026-04-26,3,BED-003,0
2026-04-27,3,BED-003,1
2026-04-28,3,BED-003,2
2026-04-29,3,BED-003,1
2026-04-30,3,BED-003,1
2026-05-01,3,BED-003,3
2026-05-02,3,BED-003,0
2026-05-03,3,BED-003,0
2026-05-04,3,BED-003,1
2026-05-05,3,BED-003,2
2026-05-06,3,BED-003,1
2026-05-07,3,BED-003,1
2026-05-08,3,BED-003,4
2026-05-09,3,BED-003,2
2026-05-10,3,BED-003,0
2026-05-11,3,BED-003,1
2026-05-12,3,BED-003,1
2026-05-13,3,BED-003,2
2026-05-14,3,BED-003,2
2026-05-15,3,BED-003,4
2026-05-16,3,BED-003,1
2026-05-17,3,BED-003,1
2026-05-18,3,BED-003,0
2026-05-19,3,BED-003,0
2026-05-20,3,BED-003,3
2026-05-21,3,BED-003,3
2026-05-22,3,BED-003,2
2026-05-23,3,BED-003,1
2026-05-24,3,BED-003,0
2026-05-25,3,BED-003,1
2026-05-26,3,BED-003,2
2026-05-27,3,BED-003,4
2026-05-28,3,BED-003,1
2026-05-29,3,BED-003,1
2026-05-30,3,BED-003,1
2026-05-31,3,BED-003,1
2026-06-01,3,BED-003,2
2026-06-02,3,BED-003,0
2026-06-03,3,BED-003,4
2026-06-04,3,BED-003,1
2026-06-05,3,BED-003,4
2026-06-06,3,BED-003,2
2026-06-07,3,BED-003,0
2026-06-08,3,BED-003,1
2026-06-09,3,BED-003,1
2026-06-10,3,BED-003,1
2026-06-11,3,BED-003,1
2026-06-12,3,BED-003,3
2026-06-13,3,BED-003,1
2026-06-14,3,BED-003,2
2026-06-15,3,BED-003,3
2026-06-16,3,BED-003,2
2026-06-17,3,BED-003,1
2026-06-18,3,BED-003,1
2026-06-19,3,BED-003,2
2026-06-20,3,BED-003,2
2026-06-21,3,BED-003,3
2026-06-22,3,BED-003,3
2026-06-23,3,BED-003,0
2026-06-24,3,BED-003,0
2026-06-25,3,BED-003,1
2026-06-26,3,BED-003,0
2026-06-27,3,BED-003,0
2026-06-28,3,BED-003,2
2026-06-29,3,BED-003,0
2026-06-30,3,BED-003,3
2026-07-01,3,BED-003,2
2026-07-02,3,BED-003,4
2026-07-03,3,BED-003,0
2026-07-04,3,BED-003,1
2026-07-05,3,BED-003,1
2026-07-06,3,BED-003,2
2026-07-07,3,BED-003,0
2026-07-08,3,BED-003,1
2026-07-09,3,BED-003,0
2026-07-10,3,BED-003,0
2026-07-11,3,BED-003,0
2026-07-12,3,BED-003,0
2026-07-13,3,BED-003,4
2026-07-14,3,BED-003,0
2026-07-15,3,BED-003,0
2026-07-16,3,BED-003,10
2026-07-17,3,BED-003,1
2026-07-18,3,BED-003,0
2026-07-19,3,BED-003,7
2026-07-20,3,BED-003,0
2026-07-21,3,BED-003,1
2026-07-22,3,BED-003,1
2026-07-23,3,BED-003,1
2026-07-24,3,BED-003,3
2026-07-25,3,BED-003,2
2026-07-26,3,BED-003,0
2026-07-27,3,BED-003,1
2026-07-28,3,BED-003,10
2026-07-29,3,BED-003,2
2026-07-30,3,BED-003,1
2026-07-31,3,BED-003,7
2026-08-01,3,BED-003,3
2026-08-02,3,BED-003,3
2026-08-03,3,BED-003,2
2026-08-04,3,BED-003,2
2026-08-05,3,BED-003,1
2026-08-06,3,BED-003,1
2026-08-07,3,BED-003,1
2026-08-08,3,BED-003,1
2026-08-09,3,BED-003,1
2026-08-10,3,BED-003,1
2026-08-11,3,BED-003,2
2026-08-12,3,BED-003,3
2026-08-13,3,BED-003,3
2026-08-14,3,BED-003,3
2026-08-15,3,BED-003,2
2026-08-16,3,BED-003,1
2026-08-17,3,BED-003,1
2026-08-18,3,BED-003,8
2026-08-19,3,BED-003,6
2026-08-20,3,BED-003,1
2026-08-21,3,BED-003,1
2026-08-22,3,BED-003,0
2026-08-23,3,BED-003,2
2026-08-24,3,BED-003,1
2026-02-26,4,BED-004,1
2026-02-27,4,BED-004,5
2026-02-28,4,BED-004,1
2026-03-01,4,BED-004,1
2026-03-02,4,BED-004,4
2026-03-03,4,BED-004,4
2026-03-04,4,BED-004,4
2026-03-05,4,BED-004,3
2026-03-06,4,BED-004,2
2026-03-07,4,BED-004,3
2026-03-08,4,BED-004,2
2026-03-09,4,BED-004,2
2026-03-10,4,BED-004,2
2026-03-11,4,BED-004,3
2026-03-12,4,BED-004,4
2026-03-13,4,BED-004,3
2026-03-14,4,BED-004,3
2026-03-15,4,BED-004,2
2026-03-16,4,BED-004,3
2026-03-17,4,BED-004,1
2026-03-18,4,BED-004,13
2026-03-19,4,BED-004,3
2026-03-20,4,BED-004,2
2026-03-21,4,BED-004,2
2026-03-22,4,BED-004,5
2026-03-23,4,BED-004,4
2026-03-24,4,BED-004,6
2026-03-25,4,BED-004,0
2026-03-26,4,BED-004,3
2026-03-27,4,BED-004,2
2026-03-28,4,BED-004,5
2026-03-29,4,BED-004,1
2026-03-30,4,BED-004,2
2026-03-31,4,BED-004,2
2026-04-01,4,BED-004,6
2026-04-02,4,BED-004,1
2026-04-03,4,BED-004,3
2026-04-04,4,BED-004,3
2026-04-05,4,BED-004,2
2026-04-06,4,BED-004,3
2026-04-07,4,BED-004,4
2026-04-08,4,BED-004,8
2026-04-09,4,BED-004,2
2026-04-10,4,BED-004,5
2026-04-11,4,BED-004,1
2026-04-12,4,BED-004,0
2026-04-13,4,BED-004,3
2026-04-14,4,BED-004,0
2026-04-15,4,BED-004,1
2026-04-16,4,BED-004,1
2026-04-17,4,BED-004,0
2026-04-18,4,BED-004,1
2026-04-19,4,BED-004,2
2026-04-20,4,BED-004,6
2026-04-21,4,BED-004,3
2026-04-22,4,BED-004,4
2026-04-23,4,BED-004,4
2026-04-24,4,BED-004,3
2026-04-25,4,BED-004,6
2026-04-26,4,BED-004,2
2026-04-27,4,BED-004,2
2026-04-28,4,BED-004,1
2026-04-29,4,BED-004,5
2026-04-30,4,BED-004,4
2026-05-01,4,BED-004,1
2026-05-02,4,BED-004,3
2026-05-03,4,BED-004,1
2026-05-04,4,BED-004,9
2026-05-05,4,BED-004,4
2026-05-06,4,BED-004,1
2026-05-07,4,BED-004,3
2026-05-08,4,BED-004,1
2026-05-09,4,BED-004,1
2026-05-10,4,BED-004,2
2026-05-11,4,BED-004,1
2026-05-12,4,BED-004,2
2026-05-13,4,BED-004,3
2026-05-14,4,BED-004,3
2026-05-15,4,BED-004,1
2026-05-16,4,BED-004,3
2026-05-17,4,BED-004,3
2026-05-18,4,BED-004,2
2026-05-19,4,BED-004,3
2026-05-20,4,BED-004,0
2026-05-21,4,BED-004,3
2026-05-22,4,BED-004,6
2026-05-23,4,BED-004,0
2026-05-24,4,BED-004,2
2026-05-25,4,BED-004,1
2026-05-26,4,BED-004,4
2026-05-27,4,BED-004,8
2026-05-28,4,BED-004,4
2026-05-29,4,BED-004,4
2026-05-30,4,BED-004,2
2026-05-31,4,BED-004,1
2026-06-01,4,BED-004,2
2026-06-02,4,BED-004,3
2026-06-03,4,BED-004,1
2026-06-04,4,BED-004,3
2026-06-05,4,BED-004,4
2026-06-06,4,BED-004,3
2026-06-07,4,BED-004,3
2026-06-08,4,BED-004,5
2026-06-09,4,BED-004,2
2026-06-10,4,BED-004,3
2026-06-11,4,BED-004,2
2026-06-12,4,BED-004,3
2026-06-13,4,BED-004,1
2026-06-14,4,BED-004,0
2026-06-15,4,BED-004,2
2026-06-16,4,BED-004,4
2026-06-17,4,BED-004,7
2026-06-18,4,BED-004,9
2026-06-19,4,BED-004,5
2026-06-20,4,BED-004,1
2026-06-21,4,BED-004,1
2026-06-22,4,BED-004,5
2026-06-23,4,BED-004,4
2026-06-24,4,BED-004,3
2026-06-25,4,BED-004,1
2026-06-26,4,BED-004,2
2026-06-27,4,BED-004,2
2026-06-28,4,BED-004,1
2026-06-29,4,BED-004,7
2026-06-30,4,BED-004,6
2026-07-01,4,BED-004,3
2026-07-02,4,BED-004,1
2026-07-03,4,BED-004,4
2026-07-04,4,BED-004,2
2026-07-05,4,BED-004,2
2026-07-06,4,BED-004,3
2026-07-07,4,BED-004,3
2026-07-08,4,BED-004,3
2026-07-09,4,BED-004,3
2026-07-10,4,BED-004,2
2026-07-11,4,BED-004,0
2026-07-12,4,BED-004,2
2026-07-13,4,BED-004,1
2026-07-14,4,BED-004,2
2026-07-15,4,BED-004,5
2026-07-16,4,BED-004,5
2026-07-17,4,BED-004,6
2026-07-18,4,BED-004,0
2026-07-19,4,BED-004,0
2026-07-20,4,BED-004,4
2026-07-21,4,BED-004,4
2026-07-22,4,BED-004,1
2026-07-23,4,BED-004,2
2026-07-24,4,BED-004,6
2026-07-25,4,BED-004,0
2026-07-26,4,BED-004,2
2026-07-27,4,BED-004,4
2026-07-28,4,BED-004,11
2026-07-29,4,BED-004,4
2026-07-30,4,BED-004,9
2026-07-31,4,BED-004,2
2026-08-01,4,BED-004,2
2026-08-02,4,BED-004,1
2026-08-03,4,BED-004,3
2026-08-04,4,BED-004,5
2026-08-05,4,BED-004,1
2026-08-06,4,BED-004,3
2026-08-07,4,BED-004,1
2026-08-08,4,BED-004,1
2026-08-09,4,BED-004,0
2026-08-10,4,BED-004,2
2026-08-11,4,BED-004,4
2026-08-12,4,BED-004,1
2026-08-13,4,BED-004,2
2026-08-14,4,BED-004,8
2026-08-15,4,BED-004,0
2026-08-16,4,BED-004,0
2026-08-17,4,BED-004,5
2026-08-18,4,BED-004,1
2026-08-19,4,BED-004,6
2026-08-20,4,BED-004,8
2026-08-21,4,BED-004,2
2026-08-22,4,BED-004,5
2026-08-23,4,BED-004,5
2026-08-24,4,BED-004,4
2026-02-26,5,BED-005,2
2026-02-27,5,BED-005,1
2026-02-28,5,BED-005,1
2026-03-01,5,BED-005,1
2026-03-02,5,BED-005,4
2026-03-03,5,BED-005,2
2026-03-04,5,BED-005,4
2026-03-05,5,BED-005,3
2026-03-06,5,BED-005,6
2026-03-07,5,BED-005,1
2026-03-08,5,BED-005,0
2026-03-09,5,BED-005,2
2026-03-10,5,BED-005,0
2026-03-11,5,BED-005,3
2026-03-12,5,BED-005,2
2026-03-13,5,BED-005,1
2026-03-14,5,BED-005,1
2026-03-15,5,BED-005,0
2026-03-16,5,BED-005,1
2026-03-17,5,BED-005,1
2026-03-18,5,BED-005,1
2026-03-19,5,BED-005,0
2026-03-20,5,BED-005,2
2026-03-21,5,BED-005,0
2026-03-22,5,BED-005,3
2026-03-23,5,BED-005,3
2026-03-24,5,BED-005,1
2026-03-25,5,BED-005,1
2026-03-26,5,BED-005,1
2026-03-27,5,BED-005,1
2026-03-28,5,BED-005,0
2026-03-29,5,BED-005,1
2026-03-30,5,BED-005,1
2026-03-31,5,BED-005,4
2026-04-01,5,BED-005,0
2026-04-02,5,BED-005,2
2026-04-03,5,BED-005,2
2026-04-04,5,BED-005,0
2026-04-05,5,BED-005,0
2026-04-06,5,BED-005,1
2026-04-07,5,BED-005,1
2026-04-08,5,BED-005,2
2026-04-09,5,BED-005,1
2026-04-10,5,BED-005,1
2026-04-11,5,BED-005,3
2026-04-12,5,BED-005,4
2026-04-13,5,BED-005,0
2026-04-14,5,BED-005,0
2026-04-15,5,BED-005,2
2026-04-16,5,BED-005,2
2026-04-17,5,BED-005,2
2026-04-18,5,BED-005,0
2026-04-19,5,BED-005,1
2026-04-20,5,BED-005,1
2026-04-21,5,BED-005,2
2026-04-22,5,BED-005,4
2026-04-23,5,BED-005,1
2026-04-24,5,BED-005,3
2026-04-25,5,BED-005,1
2026-04-26,5,BED-005,2
2026-04-27,5,BED-005,6
2026-04-28,5,BED-005,3
2026-04-29,5,BED-005,2
2026-04-30,5,BED-005,2
2026-05-01,5,BED-005,2
2026-05-02,5,BED-005,0
2026-05-03,5,BED-005,0
2026-05-04,5,BED-005,3
2026-05-05,5,BED-005,8
2026-05-06,5,BED-005,1
2026-05-07,5,BED-005,2
2026-05-08,5,BED-005,3
2026-05-09,5,BED-005,1
2026-05-10,5,BED-005,3
2026-05-11,5,BED-005,1
2026-05-12,5,BED-005,2
2026-05-13,5,BED-005,1
2026-05-14,5,BED-005,3
2026-05-15,5,BED-005,3
2026-05-16,5,BED-005,1
2026-05-17,5,BED-005,1
2026-05-18,5,BED-005,1
2026-05-19,5,BED-005,1
2026-05-20,5,BED-005,1
2026-05-21,5,BED-005,2
2026-05-22,5,BED-005,0
2026-05-23,5,BED-005,1
2026-05-24,5,BED-005,0
2026-05-25,5,BED-005,1
2026-05-26,5,BED-005,0
2026-05-27,5,BED-005,2
2026-05-28,5,BED-005,2
2026-05-29,5,BED-005,2
2026-05-30,5,BED-005,2
2026-05-31,5,BED-005,0
2026-06-01,5,BED-005,1
2026-06-02,5,BED-005,4
2026-06-03,5,BED-005,2
2026-06-04,5,BED-005,5
2026-06-05,5,BED-005,2
2026-06-06,5,BED-005,4
2026-06-07,5,BED-005,2
2026-06-08,5,BED-005,3
2026-06-09,5,BED-005,2
2026-06-10,5,BED-005,1
2026-06-11,5,BED-005,1
2026-06-12,5,BED-005,2
2026-06-13,5,BED-005,0
2026-06-14,5,BED-005,1
2026-06-15,5,BED-005,3
2026-06-16,5,BED-005,1
2026-06-17,5,BED-005,2
2026-06-18,5,BED-005,3
2026-06-19,5,BED-005,2
2026-06-20,5,BED-005,1
2026-06-21,5,BED-005,1
2026-06-22,5,BED-005,2
2026-06-23,5,BED-005,2
2026-06-24,5,BED-005,0
2026-06-25,5,BED-005,0
2026-06-26,5,BED-005,2
2026-06-27,5,BED-005,0
2026-06-28,5,BED-005,0
2026-06-29,5,BED-005,3
2026-06-30,5,BED-005,3
2026-07-01,5,BED-005,0
2026-07-02,5,BED-005,0
2026-07-03,5,BED-005,0
2026-07-04,5,BED-005,0
2026-07-05,5,BED-005,1
2026-07-06,5,BED-005,1
2026-07-07,5,BED-005,0
2026-07-08,5,BED-005,0
2026-07-09,5,BED-005,0
2026-07-10,5,BED-005,2
2026-07-11,5,BED-005,1
2026-07-12,5,BED-005,2
2026-07-13,5,BED-005,1
2026-07-14,5,BED-005,2
2026-07-15,5,BED-005,4
2026-07-16,5,BED-005,1
2026-07-17,5,BED-005,1
2026-07-18,5,BED-005,2
2026-07-19,5,BED-005,2
2026-07-20,5,BED-005,1
2026-07-21,5,BED-005,7
2026-07-22,5,BED-005,2
2026-07-23,5,BED-005,1
2026-07-24,5,BED-005,4
2026-07-25,5,BED-005,2
2026-07-26,5,BED-005,0
2026-07-27,5,BED-005,1
2026-07-28,5,BED-005,2
2026-07-29,5,BED-005,1
2026-07-30,5,BED-005,3
2026-07-31,5,BED-005,1
2026-08-01,5,BED-005,0
2026-08-02,5,BED-005,2
2026-08-03,5,BED-005,1
2026-08-04,5,BED-005,1
2026-08-05,5,BED-005,2
2026-08-06,5,BED-005,2
2026-08-07,5,BED-005,3
2026-08-08,5,BED-005,1
2026-08-09,5,BED-005,0
2026-08-10,5,BED-005,2
2026-08-11,5,BED-005,2
2026-08-12,5,BED-005,3
2026-08-13,5,BED-005,1
2026-08-14,5,BED-005,1
2026-08-15,5,BED-005,1
2026-08-16,5,BED-005,1
2026-08-17,5,BED-005,3
2026-08-18,5,BED-005,2
2026-08-19,5,BED-005,0
2026-08-20,5,BED-005,0
2026-08-21,5,BED-005,3
2026-08-22,5,BED-005,0
2026-08-23,5,BED-005,0
2026-08-24,5,BED-005,2
2026-02-26,6,BED-006,4
2026-02-27,6,BED-006,1
2026-02-28,6,BED-006,0
2026-03-01,6,BED-006,2
2026-03-02,6,BED-006,0
2026-03-03,6,BED-006,1
2026-03-04,6,BED-006,3
2026-03-05,6,BED-006,2
2026-03-06,6,BED-006,1
2026-03-07,6,BED-006,0
2026-03-08,6,BED-006,0
2026-03-09,6,BED-006,0
2026-03-10,6,BED-006,2
2026-03-11,6,BED-006,0
2026-03-12,6,BED-006,0
2026-03-13,6,BED-006,1
2026-03-14,6,BED-006,0
2026-03-15,6,BED-006,0
2026-03-16,6,BED-006,1
2026-03-17,6,BED-006,1
2026-03-18,6,BED-006,1
2026-03-19,6,BED-006,3
2026-03-20,6,BED-006,1
2026-03-21,6,BED-006,0
2026-03-22,6,BED-006,0
2026-03-23,6,BED-006,2
2026-03-24,6,BED-006,0
2026-03-25,6,BED-006,0
2026-03-26,6,BED-006,1
2026-03-27,6,BED-006,1
2026-03-28,6,BED-006,0
2026-03-29,6,BED-006,0
2026-03-30,6,BED-006,7
2026-03-31,6,BED-006,0
2026-04-01,6,BED-006,0
2026-04-02,6,BED-006,0
2026-04-03,6,BED-006,0
2026-04-04,6,BED-006,1
2026-04-05,6,BED-006,0
2026-04-06,6,BED-006,2
2026-04-07,6,BED-006,1
2026-04-08,6,BED-006,5
2026-04-09,6,BED-006,1
2026-04-10,6,BED-006,1
2026-04-11,6,BED-006,0
2026-04-12,6,BED-006,1
2026-04-13,6,BED-006,0
2026-04-14,6,BED-006,2
2026-04-15,6,BED-006,0
2026-04-16,6,BED-006,0
2026-04-17,6,BED-006,3
2026-04-18,6,BED-006,1
2026-04-19,6,BED-006,0
2026-04-20,6,BED-006,3
2026-04-21,6,BED-006,0
2026-04-22,6,BED-006,0
2026-04-23,6,BED-006,1
2026-04-24,6,BED-006,1
2026-04-25,6,BED-006,0
2026-04-26,6,BED-006,1
2026-04-27,6,BED-006,2
2026-04-28,6,BED-006,0
2026-04-29,6,BED-006,2
2026-04-30,6,BED-006,1
2026-05-01,6,BED-006,1
2026-05-02,6,BED-006,0
2026-05-03,6,BED-006,0
2026-05-04,6,BED-006,0
2026-05-05,6,BED-006,0
2026-05-06,6,BED-006,1
2026-05-07,6,BED-006,0
2026-05-08,6,BED-006,0
2026-05-09,6,BED-006,0
2026-05-10,6,BED-006,0
2026-05-11,6,BED-006,0
2026-05-12,6,BED-006,0
2026-05-13,6,BED-006,1
2026-05-14,6,BED-006,1
2026-05-15,6,BED-006,0
2026-05-16,6,BED-006,0
2026-05-17,6,BED-006,1
2026-05-18,6,BED-006,1
2026-05-19,6,BED-006,2
2026-05-20,6,BED-006,1
2026-05-21,6,BED-006,1
2026-05-22,6,BED-006,0
2026-05-23,6,BED-006,0
2026-05-24,6,BED-006,0
2026-05-25,6,BED-006,2
2026-05-26,6,BED-006,0
2026-05-27,6,BED-006,1
2026-05-28,6,BED-006,2
2026-05-29,6,BED-006,3
2026-05-30,6,BED-006,0
2026-05-31,6,BED-006,1
2026-06-01,6,BED-006,1
2026-06-02,6,BED-006,1
2026-06-03,6,BED-006,3
2026-06-04,6,BED-006,0
2026-06-05,6,BED-006,0
2026-06-06,6,BED-006,2
2026-06-07,6,BED-006,1
2026-06-08,6,BED-006,0
2026-06-09,6,BED-006,1
2026-06-10,6,BED-006,1
2026-06-11,6,BED-006,1
2026-06-12,6,BED-006,3
2026-06-13,6,BED-006,0
2026-06-14,6,BED-006,0
2026-06-15,6,BED-006,0
2026-06-16,6,BED-006,3
2026-06-17,6,BED-006,2
2026-06-18,6,BED-006,4
2026-06-19,6,BED-006,1
2026-06-20,6,BED-006,0
2026-06-21,6,BED-006,0
2026-06-22,6,BED-006,2
2026-06-23,6,BED-006,0
2026-06-24,6,BED-006,0
2026-06-25,6,BED-006,0
2026-06-26,6,BED-006,1
2026-06-27,6,BED-006,1
2026-06-28,6,BED-006,1
2026-06-29,6,BED-006,1
2026-06-30,6,BED-006,0
2026-07-01,6,BED-006,0
2026-07-02,6,BED-006,2
2026-07-03,6,BED-006,2
2026-07-04,6,BED-006,0
2026-07-05,6,BED-006,0
2026-07-06,6,BED-006,3
2026-07-07,6,BED-006,0
2026-07-08,6,BED-006,1
2026-07-09,6,BED-006,0
2026-07-10,6,BED-006,2
2026-07-11,6,BED-006,1
2026-07-12,6,BED-006,0
2026-07-13,6,BED-006,0
2026-07-14,6,BED-006,1
2026-07-15,6,BED-006,2
2026-07-16,6,BED-006,1
2026-07-17,6,BED-006,1
2026-07-18,6,BED-006,0
2026-07-19,6,BED-006,0
2026-07-20,6,BED-006,1
2026-07-21,6,BED-006,2
2026-07-22,6,BED-006,2
2026-07-23,6,BED-006,0
2026-07-24,6,BED-006,1
2026-07-25,6,BED-006,0
2026-07-26,6,BED-006,0
2026-07-27,6,BED-006,1
2026-07-28,6,BED-006,0
2026-07-29,6,BED-006,1
2026-07-30,6,BED-006,0
2026-07-31,6,BED-006,3
2026-08-01,6,BED-006,0
2026-08-02,6,BED-006,0
2026-08-03,6,BED-006,1
2026-08-04,6,BED-006,1
2026-08-05,6,BED-006,2
2026-08-06,6,BED-006,0
2026-08-07,6,BED-006,5
2026-08-08,6,BED-006,1
2026-08-09,6,BED-006,2
2026-08-10,6,BED-006,3
2026-08-11,6,BED-006,3
2026-08-12,6,BED-006,2
2026-08-13,6,BED-006,1
2026-08-14,6,BED-006,3
2026-08-15,6,BED-006,1
2026-08-16,6,BED-006,2
2026-08-17,6,BED-006,0
2026-08-18,6,BED-006,2
2026-08-19,6,BED-006,1
2026-08-20,6,BED-006,2
2026-08-21,6,BED-006,2
2026-08-22,6,BED-006,1
2026-08-23,6,BED-006,1
2026-08-24,6,BED-006,0
2026-02-26,7,BED-007,2
2026-02-27,7,BED-007,1
2026-02-28,7,BED-007,0
2026-03-01,7,BED-007,0
2026-03-02,7,BED-007,4
2026-03-03,7,BED-007,3
2026-03-04,7,BED-007,0
2026-03-05,7,BED-007,1
2026-03-06,7,BED-007,0
2026-03-07,7,BED-007,0
2026-03-08,7,BED-007,0
2026-03-09,7,BED-007,1
2026-03-10,7,BED-007,3
2026-03-11,7,BED-007,0
2026-03-12,7,BED-007,1
2026-03-13,7,BED-007,2
2026-03-14,7,BED-007,0
2026-03-15,7,BED-007,1
2026-03-16,7,BED-007,1
2026-03-17,7,BED-007,2
2026-03-18,7,BED-007,1
2026-03-19,7,BED-007,0
2026-03-20,7,BED-007,1
2026-03-21,7,BED-007,1
2026-03-22,7,BED-007,1
2026-03-23,7,BED-007,1
2026-03-24,7,BED-007,1
2026-03-25,7,BED-007,0
2026-03-26,7,BED-007,1
2026-03-27,7,BED-007,1
2026-03-28,7,BED-007,1
2026-03-29,7,BED-007,0
2026-03-30,7,BED-007,1
2026-03-31,7,BED-007,1
2026-04-01,7,BED-007,1
2026-04-02,7,BED-007,0
2026-04-03,7,BED-007,2
2026-04-04,7,BED-007,0
2026-04-05,7,BED-007,0
2026-04-06,7,BED-007,1
2026-04-07,7,BED-007,0
2026-04-08,7,BED-007,3
2026-04-09,7,BED-007,1
2026-04-10,7,BED-007,1
2026-04-11,7,BED-007,0
2026-04-12,7,BED-007,1
2026-04-13,7,BED-007,0
2026-04-14,7,BED-007,0
2026-04-15,7,BED-007,3
2026-04-16,7,BED-007,0
2026-04-17,7,BED-007,2
2026-04-18,7,BED-007,2
2026-04-19,7,BED-007,1
2026-04-20,7,BED-007,0
2026-04-21,7,BED-007,0
2026-04-22,7,BED-007,1
2026-04-23,7,BED-007,2
2026-04-24,7,BED-007,0
2026-04-25,7,BED-007,1
2026-04-26,7,BED-007,0
2026-04-27,7,BED-007,2
2026-04-28,7,BED-007,0
2026-04-29,7,BED-007,0
2026-04-30,7,BED-007,1
2026-05-01,7,BED-007,1
2026-05-02,7,BED-007,1
2026-05-03,7,BED-007,1
2026-05-04,7,BED-007,0
2026-05-05,7,BED-007,5
2026-05-06,7,BED-007,3
2026-05-07,7,BED-007,0
2026-05-08,7,BED-007,1
2026-05-09,7,BED-007,0
2026-05-10,7,BED-007,1
2026-05-11,7,BED-007,1
2026-05-12,7,BED-007,0
2026-05-13,7,BED-007,2
2026-05-14,7,BED-007,1
2026-05-15,7,BED-007,2
2026-05-16,7,BED-007,0
2026-05-17,7,BED-007,1
2026-05-18,7,BED-007,1
2026-05-19,7,BED-007,0
2026-05-20,7,BED-007,1
2026-05-21,7,BED-007,0
2026-05-22,7,BED-007,2
2026-05-23,7,BED-007,0
2026-05-24,7,BED-007,0
2026-05-25,7,BED-007,1
2026-05-26,7,BED-007,0
2026-05-27,7,BED-007,1
2026-05-28,7,BED-007,1
2026-05-29,7,BED-007,2
2026-05-30,7,BED-007,2
2026-05-31,7,BED-007,0
2026-06-01,7,BED-007,0
2026-06-02,7,BED-007,1
2026-06-03,7,BED-007,1
2026-06-04,7,BED-007,1
2026-06-05,7,BED-007,2
2026-06-06,7,BED-007,0
2026-06-07,7,BED-007,0
2026-06-08,7,BED-007,3
2026-06-09,7,BED-007,3
2026-06-10,7,BED-007,3
2026-06-11,7,BED-007,2
2026-06-12,7,BED-007,0
2026-06-13,7,BED-007,3
2026-06-14,7,BED-007,0
2026-06-15,7,BED-007,3
2026-06-16,7,BED-007,2
2026-06-17,7,BED-007,2
2026-06-18,7,BED-007,0
2026-06-19,7,BED-007,5
2026-06-20,7,BED-007,0
2026-06-21,7,BED-007,1
2026-06-22,7,BED-007,0
2026-06-23,7,BED-007,2
2026-06-24,7,BED-007,1
2026-06-25,7,BED-007,1
2026-06-26,7,BED-007,2
2026-06-27,7,BED-007,0
2026-06-28,7,BED-007,4
2026-06-29,7,BED-007,1
2026-06-30,7,BED-007,1
2026-07-01,7,BED-007,1
2026-07-02,7,BED-007,1
2026-07-03,7,BED-007,2
2026-07-04,7,BED-007,1
2026-07-05,7,BED-007,0
2026-07-06,7,BED-007,5
2026-07-07,7,BED-007,2
2026-07-08,7,BED-007,1
2026-07-09,7,BED-007,3
2026-07-10,7,BED-007,2
2026-07-11,7,BED-007,0
2026-07-12,7,BED-007,1
2026-07-13,7,BED-007,3
2026-07-14,7,BED-007,1
2026-07-15,7,BED-007,0
2026-07-16,7,BED-007,1
2026-07-17,7,BED-007,0
2026-07-18,7,BED-007,0
2026-07-19,7,BED-007,2
2026-07-20,7,BED-007,1
2026-07-21,7,BED-007,1
2026-07-22,7,BED-007,1
2026-07-23,7,BED-007,3
2026-07-24,7,BED-007,1
2026-07-25,7,BED-007,2
2026-07-26,7,BED-007,0
2026-07-27,7,BED-007,6
2026-07-28,7,BED-007,1
2026-07-29,7,BED-007,0
2026-07-30,7,BED-007,3
2026-07-31,7,BED-007,1
2026-08-01,7,BED-007,0
2026-08-02,7,BED-007,1
2026-08-03,7,BED-007,3
2026-08-04,7,BED-007,3
2026-08-05,7,BED-007,3
2026-08-06,7,BED-007,3
2026-08-07,7,BED-007,2
2026-08-08,7,BED-007,1
2026-08-09,7,BED-007,0
2026-08-10,7,BED-007,2
2026-08-11,7,BED-007,1
2026-08-12,7,BED-007,1
2026-08-13,7,BED-007,0
2026-08-14,7,BED-007,1
2026-08-15,7,BED-007,2
2026-08-16,7,BED-007,0
2026-08-17,7,BED-007,1
2026-08-18,7,BED-007,4
2026-08-19,7,BED-007,0
2026-08-20,7,BED-007,5
2026-08-21,7,BED-007,2
2026-08-22,7,BED-007,0
2026-08-23,7,BED-007,1
2026-08-24,7,BED-007,2
2026-02-26,8,BED-008,0
2026-02-27,8,BED-008,3
2026-02-28,8,BED-008,0
2026-03-01,8,BED-008,1
2026-03-02,8,BED-008,0
2026-03-03,8,BED-008,2
2026-03-04,8,BED-008,0
2026-03-05,8,BED-008,1
2026-03-06,8,BED-008,0
2026-03-07,8,BED-008,0
2026-03-08,8,BED-008,1
2026-03-09,8,BED-008,0
2026-03-10,8,BED-008,2
2026-03-11,8,BED-008,0
2026-03-12,8,BED-008,3
2026-03-13,8,BED-008,0
2026-03-14,8,BED-008,1
2026-03-15,8,BED-008,0
2026-03-16,8,BED-008,2
2026-03-17,8,BED-008,0
2026-03-18,8,BED-008,1
2026-03-19,8,BED-008,2
2026-03-20,8,BED-008,2
2026-03-21,8,BED-008,1
2026-03-22,8,BED-008,0
2026-03-23,8,BED-008,2
2026-03-24,8,BED-008,0
2026-03-25,8,BED-008,2
2026-03-26,8,BED-008,1
2026-03-27,8,BED-008,2
2026-03-28,8,BED-008,1
2026-03-29,8,BED-008,0
2026-03-30,8,BED-008,1
2026-03-31,8,BED-008,1
2026-04-01,8,BED-008,0
2026-04-02,8,BED-008,1
2026-04-03,8,BED-008,3
2026-04-04,8,BED-008,1
2026-04-05,8,BED-008,1
2026-04-06,8,BED-008,0
2026-04-07,8,BED-008,0
2026-04-08,8,BED-008,2
2026-04-09,8,BED-008,4
2026-04-10,8,BED-008,2
2026-04-11,8,BED-008,1
2026-04-12,8,BED-008,0
2026-04-13,8,BED-008,0
2026-04-14,8,BED-008,4
2026-04-15,8,BED-008,2
2026-04-16,8,BED-008,0
2026-04-17,8,BED-008,0
2026-04-18,8,BED-008,0
2026-04-19,8,BED-008,0
2026-04-20,8,BED-008,4
2026-04-21,8,BED-008,1
2026-04-22,8,BED-008,0
2026-04-23,8,BED-008,0
2026-04-24,8,BED-008,1
2026-04-25,8,BED-008,1
2026-04-26,8,BED-008,0
2026-04-27,8,BED-008,0
2026-04-28,8,BED-008,0
2026-04-29,8,BED-008,1
2026-04-30,8,BED-008,0
2026-05-01,8,BED-008,0
2026-05-02,8,BED-008,2
2026-05-03,8,BED-008,1
2026-05-04,8,BED-008,0
2026-05-05,8,BED-008,1
2026-05-06,8,BED-008,0
2026-05-07,8,BED-008,3
2026-05-08,8,BED-008,1
2026-05-09,8,BED-008,0
2026-05-10,8,BED-008,0
2026-05-11,8,BED-008,0
2026-05-12,8,BED-008,2
2026-05-13,8,BED-008,0
2026-05-14,8,BED-008,1
2026-05-15,8,BED-008,0
2026-05-16,8,BED-008,0
2026-05-17,8,BED-008,1
2026-05-18,8,BED-008,1
2026-05-19,8,BED-008,0
2026-05-20,8,BED-008,3
2026-05-21,8,BED-008,0
2026-05-22,8,BED-008,0
2026-05-23,8,BED-008,1
2026-05-24,8,BED-008,1
2026-05-25,8,BED-008,0
2026-05-26,8,BED-008,0
2026-05-27,8,BED-008,0
2026-05-28,8,BED-008,1
2026-05-29,8,BED-008,1
2026-05-30,8,BED-008,0
2026-05-31,8,BED-008,2
2026-06-01,8,BED-008,1
2026-06-02,8,BED-008,0
2026-06-03,8,BED-008,0
2026-06-04,8,BED-008,0
2026-06-05,8,BED-008,1
2026-06-06,8,BED-008,0
2026-06-07,8,BED-008,0
2026-06-08,8,BED-008,3
2026-06-09,8,BED-008,1
2026-06-10,8,BED-008,2
2026-06-11,8,BED-008,2
2026-06-12,8,BED-008,1
2026-06-13,8,BED-008,0
2026-06-14,8,BED-008,0
2026-06-15,8,BED-008,2
2026-06-16,8,BED-008,0
2026-06-17,8,BED-008,6
2026-06-18,8,BED-008,1
2026-06-19,8,BED-008,0
2026-06-20,8,BED-008,2
2026-06-21,8,BED-008,0
2026-06-22,8,BED-008,0
2026-06-23,8,BED-008,0
2026-06-24,8,BED-008,0
2026-06-25,8,BED-008,1
2026-06-26,8,BED-008,0
2026-06-27,8,BED-008,0
2026-06-28,8,BED-008,0
2026-06-29,8,BED-008,0
2026-06-30,8,BED-008,0
2026-07-01,8,BED-008,1
2026-07-02,8,BED-008,1
2026-07-03,8,BED-008,1
2026-07-04,8,BED-008,0
2026-07-05,8,BED-008,1
2026-07-06,8,BED-008,0
2026-07-07,8,BED-008,1
2026-07-08,8,BED-008,0
2026-07-09,8,BED-008,2
2026-07-10,8,BED-008,0
2026-07-11,8,BED-008,1
2026-07-12,8,BED-008,0
2026-07-13,8,BED-008,1
2026-07-14,8,BED-008,0
2026-07-15,8,BED-008,0
2026-07-16,8,BED-008,1
2026-07-17,8,BED-008,1
2026-07-18,8,BED-008,1
2026-07-19,8,BED-008,0
2026-07-20,8,BED-008,1
2026-07-21,8,BED-008,1
2026-07-22,8,BED-008,0
2026-07-23,8,BED-008,0
2026-07-24,8,BED-008,0
2026-07-25,8,BED-008,0
2026-07-26,8,BED-008,0
2026-07-27,8,BED-008,1
2026-07-28,8,BED-008,2
2026-07-29,8,BED-008,0
2026-07-30,8,BED-008,0
2026-07-31,8,BED-008,1
2026-08-01,8,BED-008,0
2026-08-02,8,BED-008,1
2026-08-03,8,BED-008,0
2026-08-04,8,BED-008,1
2026-08-05,8,BED-008,1
2026-08-06,8,BED-008,3
2026-08-07,8,BED-008,3
2026-08-08,8,BED-008,0
2026-08-09,8,BED-008,1
2026-08-10,8,BED-008,2
2026-08-11,8,BED-008,1
2026-08-12,8,BED-008,1
2026-08-13,8,BED-008,3
2026-08-14,8,BED-008,1
2026-08-15,8,BED-008,1
2026-08-16,8,BED-008,0
2026-08-17,8,BED-008,4
2026-08-18,8,BED-008,0
2026-08-19,8,BED-008,1
2026-08-20,8,BED-008,0
2026-08-21,8,BED-008,2
2026-08-22,8,BED-008,0
2026-08-23,8,BED-008,0
2026-08-24,8,BED-008,4
2026-02-26,9,BED-009,1
2026-02-27,9,BED-009,9
2026-02-28,9,BED-009,2
2026-03-01,9,BED-009,1
2026-03-02,9,BED-009,3
2026-03-03,9,BED-009,3
2026-03-04,9,BED-009,2
2026-03-05,9,BED-009,4
2026-03-06,9,BED-009,4
2026-03-07,9,BED-009,4
2026-03-08,9,BED-009,1
2026-03-09,9,BED-009,3
2026-03-10,9,BED-009,2
2026-03-11,9,BED-009,0
2026-03-12,9,BED-009,3
2026-03-13,9,BED-009,6
2026-03-14,9,BED-009,3
2026-03-15,9,BED-009,1
2026-03-16,9,BED-009,4
2026-03-17,9,BED-009,4
2026-03-18,9,BED-009,5
2026-03-19,9,BED-009,2
2026-03-20,9,BED-009,2
2026-03-21,9,BED-009,1
2026-03-22,9,BED-009,2
2026-03-23,9,BED-009,3
2026-03-24,9,BED-009,3
2026-03-25,9,BED-009,6
2026-03-26,9,BED-009,16
2026-03-27,9,BED-009,2
2026-03-28,9,BED-009,1
2026-03-29,9,BED-009,4
2026-03-30,9,BED-009,4
2026-03-31,9,BED-009,4
2026-04-01,9,BED-009,4
2026-04-02,9,BED-009,3
2026-04-03,9,BED-009,2
2026-04-04,9,BED-009,3
2026-04-05,9,BED-009,2
2026-04-06,9,BED-009,4
2026-04-07,9,BED-009,2
2026-04-08,9,BED-009,2
2026-04-09,9,BED-009,4
2026-04-10,9,BED-009,3
2026-04-11,9,BED-009,0
2026-04-12,9,BED-009,3
2026-04-13,9,BED-009,5
2026-04-14,9,BED-009,2
2026-04-15,9,BED-009,1
2026-04-16,9,BED-009,5
2026-04-17,9,BED-009,5
2026-04-18,9,BED-009,3
2026-04-19,9,BED-009,1
2026-04-20,9,BED-009,4
2026-04-21,9,BED-009,3
2026-04-22,9,BED-009,5
2026-04-23,9,BED-009,7
2026-04-24,9,BED-009,4
2026-04-25,9,BED-009,1
2026-04-26,9,BED-009,1
2026-04-27,9,BED-009,5
2026-04-28,9,BED-009,11
2026-04-29,9,BED-009,9
2026-04-30,9,BED-009,14
2026-05-01,9,BED-009,5
2026-05-02,9,BED-009,0
2026-05-03,9,BED-009,0
2026-05-04,9,BED-009,4
2026-05-05,9,BED-009,5
2026-05-06,9,BED-009,3
2026-05-07,9,BED-009,4
2026-05-08,9,BED-009,3
2026-05-09,9,BED-009,0
2026-05-10,9,BED-009,1
2026-05-11,9,BED-009,2
2026-05-12,9,BED-009,1
2026-05-13,9,BED-009,5
2026-05-14,9,BED-009,0
2026-05-15,9,BED-009,6
2026-05-16,9,BED-009,2
2026-05-17,9,BED-009,3
2026-05-18,9,BED-009,1
2026-05-19,9,BED-009,3
2026-05-20,9,BED-009,1
2026-05-21,9,BED-009,5
2026-05-22,9,BED-009,3
2026-05-23,9,BED-009,1
2026-05-24,9,BED-009,0
2026-05-25,9,BED-009,6
2026-05-26,9,BED-009,7
2026-05-27,9,BED-009,3
2026-05-28,9,BED-009,2
2026-05-29,9,BED-009,4
2026-05-30,9,BED-009,4
2026-05-31,9,BED-009,1
2026-06-01,9,BED-009,4
2026-06-02,9,BED-009,6
2026-06-03,9,BED-009,2
2026-06-04,9,BED-009,5
2026-06-05,9,BED-009,1
2026-06-06,9,BED-009,2
2026-06-07,9,BED-009,1
2026-06-08,9,BED-009,3
2026-06-09,9,BED-009,2
2026-06-10,9,BED-009,3
2026-06-11,9,BED-009,3
2026-06-12,9,BED-009,2
2026-06-13,9,BED-009,0
2026-06-14,9,BED-009,1
2026-06-15,9,BED-009,4
2026-06-16,9,BED-009,4
2026-06-17,9,BED-009,5
2026-06-18,9,BED-009,6
2026-06-19,9,BED-009,2
2026-06-20,9,BED-009,1
2026-06-21,9,BED-009,1
2026-06-22,9,BED-009,4
2026-06-23,9,BED-009,3
2026-06-24,9,BED-009,5
2026-06-25,9,BED-009,3
2026-06-26,9,BED-009,4
2026-06-27,9,BED-009,0
2026-06-28,9,BED-009,3
2026-06-29,9,BED-009,3
2026-06-30,9,BED-009,2
2026-07-01,9,BED-009,3
2026-07-02,9,BED-009,5
2026-07-03,9,BED-009,6
2026-07-04,9,BED-009,3
2026-07-05,9,BED-009,0
2026-07-06,9,BED-009,4
2026-07-07,9,BED-009,2
2026-07-08,9,BED-009,9
2026-07-09,9,BED-009,9
2026-07-10,9,BED-009,4
2026-07-11,9,BED-009,3
2026-07-12,9,BED-009,1
2026-07-13,9,BED-009,2
2026-07-14,9,BED-009,9
2026-07-15,9,BED-009,0
2026-07-16,9,BED-009,6
2026-07-17,9,BED-009,5
2026-07-18,9,BED-009,7
2026-07-19,9,BED-009,1
2026-07-20,9,BED-009,4
2026-07-21,9,BED-009,3
2026-07-22,9,BED-009,4
2026-07-23,9,BED-009,4
2026-07-24,9,BED-009,6
2026-07-25,9,BED-009,3
2026-07-26,9,BED-009,1
2026-07-27,9,BED-009,4
2026-07-28,9,BED-009,5
2026-07-29,9,BED-009,7
2026-07-30,9,BED-009,2
2026-07-31,9,BED-009,5
2026-08-01,9,BED-009,2
2026-08-02,9,BED-009,1
2026-08-03,9,BED-009,1
2026-08-04,9,BED-009,4
2026-08-05,9,BED-009,0
2026-08-06,9,BED-009,5
2026-08-07,9,BED-009,2
2026-08-08,9,BED-009,4
2026-08-09,9,BED-009,3
2026-08-10,9,BED-009,6
2026-08-11,9,BED-009,5
2026-08-12,9,BED-009,3
2026-08-13,9,BED-009,8
2026-08-14,9,BED-009,3
2026-08-15,9,BED-009,0
2026-08-16,9,BED-009,2
2026-08-17,9,BED-009,3
2026-08-18,9,BED-009,4
2026-08-19,9,BED-009,3
2026-08-20,9,BED-009,4
2026-08-21,9,BED-009,6
2026-08-22,9,BED-009,2
2026-08-23,9,BED-009,5
2026-08-24,9,BED-009,3
2026-02-26,10,BED-010,3
2026-02-27,10,BED-010,15
2026-02-28,10,BED-010,2
2026-03-01,10,BED-010,0
2026-03-02,10,BED-010,3
2026-03-03,10,BED-010,2
2026-03-04,10,BED-010,5
2026-03-05,10,BED-010,0
2026-03-06,10,BED-010,3
2026-03-07,10,BED-010,1
2026-03-08,10,BED-010,0
2026-03-09,10,BED-010,3
2026-03-10,10,BED-010,6
2026-03-11,10,BED-010,2
2026-03-12,10,BED-010,5
2026-03-13,10,BED-010,4
2026-03-14,10,BED-010,1
2026-03-15,10,BED-010,1
2026-03-16,10,BED-010,5
2026-03-17,10,BED-010,1
2026-03-18,10,BED-010,1
2026-03-19,10,BED-010,4
2026-03-20,10,BED-010,5
2026-03-21,10,BED-010,4
2026-03-22,10,BED-010,5
2026-03-23,10,BED-010,4
2026-03-24,10,BED-010,3
2026-03-25,10,BED-010,7
2026-03-26,10,BED-010,5
2026-03-27,10,BED-010,6
2026-03-28,10,BED-010,0
2026-03-29,10,BED-010,4
2026-03-30,10,BED-010,3
2026-03-31,10,BED-010,2
2026-04-01,10,BED-010,5
2026-04-02,10,BED-010,4
2026-04-03,10,BED-010,0
2026-04-04,10,BED-010,1
2026-04-05,10,BED-010,0
2026-04-06,10,BED-010,0
2026-04-07,10,BED-010,10
2026-04-08,10,BED-010,1
2026-04-09,10,BED-010,4
2026-04-10,10,BED-010,1
2026-04-11,10,BED-010,2
2026-04-12,10,BED-010,0
2026-04-13,10,BED-010,2
2026-04-14,10,BED-010,1
2026-04-15,10,BED-010,0
2026-04-16,10,BED-010,2
2026-04-17,10,BED-010,3
2026-04-18,10,BED-010,1
2026-04-19,10,BED-010,1
2026-04-20,10,BED-010,1
2026-04-21,10,BED-010,2
2026-04-22,10,BED-010,3
2026-04-23,10,BED-010,5
2026-04-24,10,BED-010,6
2026-04-25,10,BED-010,2
2026-04-26,10,BED-010,1
2026-04-27,10,BED-010,2
2026-04-28,10,BED-010,0
2026-04-29,10,BED-010,4
2026-04-30,10,BED-010,12
2026-05-01,10,BED-010,1
2026-05-02,10,BED-010,2
2026-05-03,10,BED-010,1
2026-05-04,10,BED-010,8
2026-05-05,10,BED-010,1
2026-05-06,10,BED-010,2
2026-05-07,10,BED-010,0
2026-05-08,10,BED-010,6
2026-05-09,10,BED-010,4
2026-05-10,10,BED-010,2
2026-05-11,10,BED-010,0
2026-05-12,10,BED-010,2
2026-05-13,10,BED-010,1
2026-05-14,10,BED-010,3
2026-05-15,10,BED-010,2
2026-05-16,10,BED-010,1
2026-05-17,10,BED-010,7
2026-05-18,10,BED-010,9
2026-05-19,10,BED-010,4
2026-05-20,10,BED-010,4
2026-05-21,10,BED-010,1
2026-05-22,10,BED-010,1
2026-05-23,10,BED-010,3
2026-05-24,10,BED-010,2
2026-05-25,10,BED-010,1
2026-05-26,10,BED-010,2
2026-05-27,10,BED-010,4
2026-05-28,10,BED-010,5
2026-05-29,10,BED-010,4
2026-05-30,10,BED-010,0
2026-05-31,10,BED-010,7
2026-06-01,10,BED-010,5
2026-06-02,10,BED-010,5
2026-06-03,10,BED-010,1
2026-06-04,10,BED-010,3
2026-06-05,10,BED-010,1
2026-06-06,10,BED-010,2
2026-06-07,10,BED-010,0
2026-06-08,10,BED-010,1
2026-06-09,10,BED-010,2
2026-06-10,10,BED-010,3
2026-06-11,10,BED-010,2
2026-06-12,10,BED-010,13
2026-06-13,10,BED-010,2
2026-06-14,10,BED-010,1
2026-06-15,10,BED-010,2
2026-06-16,10,BED-010,11
2026-06-17,10,BED-010,6
2026-06-18,10,BED-010,4
2026-06-19,10,BED-010,3
2026-06-20,10,BED-010,0
2026-06-21,10,BED-010,1
2026-06-22,10,BED-010,4
2026-06-23,10,BED-010,1
2026-06-24,10,BED-010,3
2026-06-25,10,BED-010,1
2026-06-26,10,BED-010,2
2026-06-27,10,BED-010,0
2026-06-28,10,BED-010,2
2026-06-29,10,BED-010,3
2026-06-30,10,BED-010,0
2026-07-01,10,BED-010,7
2026-07-02,10,BED-010,2
2026-07-03,10,BED-010,2
2026-07-04,10,BED-010,3
2026-07-05,10,BED-010,3
2026-07-06,10,BED-010,2
2026-07-07,10,BED-010,5
2026-07-08,10,BED-010,2
2026-07-09,10,BED-010,3
2026-07-10,10,BED-010,3
2026-07-11,10,BED-010,0
2026-07-12,10,BED-010,3
2026-07-13,10,BED-010,3
2026-07-14,10,BED-010,6
2026-07-15,10,BED-010,2
2026-07-16,10,BED-010,5
2026-07-17,10,BED-010,2
2026-07-18,10,BED-010,0
2026-07-19,10,BED-010,1
2026-07-20,10,BED-010,1
2026-07-21,10,BED-010,3
2026-07-22,10,BED-010,3
2026-07-23,10,BED-010,2
2026-07-24,10,BED-010,4
2026-07-25,10,BED-010,0
2026-07-26,10,BED-010,1
2026-07-27,10,BED-010,2
2026-07-28,10,BED-010,3
2026-07-29,10,BED-010,3
2026-07-30,10,BED-010,5
2026-07-31,10,BED-010,2
2026-08-01,10,BED-010,2
2026-08-02,10,BED-010,0
2026-08-03,10,BED-010,2
2026-08-04,10,BED-010,6
2026-08-05,10,BED-010,4
2026-08-06,10,BED-010,3
2026-08-07,10,BED-010,4
2026-08-08,10,BED-010,1
2026-08-09,10,BED-010,2
2026-08-10,10,BED-010,2
2026-08-11,10,BED-010,0
2026-08-12,10,BED-010,5
2026-08-13,10,BED-010,4
2026-08-14,10,BED-010,4
2026-08-15,10,BED-010,0
2026-08-16,10,BED-010,4
2026-08-17,10,BED-010,4
2026-08-18,10,BED-010,1
2026-08-19,10,BED-010,5
2026-08-20,10,BED-010,1
2026-08-21,10,BED-010,4
2026-08-22,10,BED-010,3
2026-08-23,10,BED-010,2
2026-08-24,10,BED-010,1
2026-02-26,11,BED-011,1
2026-02-27,11,BED-011,2
2026-02-28,11,BED-011,0
2026-03-01,11,BED-011,3
2026-03-02,11,BED-011,1
2026-03-03,11,BED-011,3
2026-03-04,11,BED-011,1
2026-03-05,11,BED-011,4
2026-03-06,11,BED-011,4
2026-03-07,11,BED-011,2
2026-03-08,11,BED-011,2
2026-03-09,11,BED-011,6
2026-03-10,11,BED-011,3
2026-03-11,11,BED-011,2
2026-03-12,11,BED-011,1
2026-03-13,11,BED-011,1
2026-03-14,11,BED-011,0
2026-03-15,11,BED-011,1
2026-03-16,11,BED-011,1
2026-03-17,11,BED-011,5
2026-03-18,11,BED-011,1
2026-03-19,11,BED-011,2
2026-03-20,11,BED-011,3
2026-03-21,11,BED-011,1
2026-03-22,11,BED-011,2
2026-03-23,11,BED-011,1
2026-03-24,11,BED-011,3
2026-03-25,11,BED-011,2
2026-03-26,11,BED-011,5
2026-03-27,11,BED-011,3
2026-03-28,11,BED-011,3
2026-03-29,11,BED-011,1
2026-03-30,11,BED-011,2
2026-03-31,11,BED-011,6
2026-04-01,11,BED-011,0
2026-04-02,11,BED-011,2
2026-04-03,11,BED-011,1
2026-04-04,11,BED-011,0
2026-04-05,11,BED-011,1
2026-04-06,11,BED-011,3
2026-04-07,11,BED-011,1
2026-04-08,11,BED-011,2
2026-04-09,11,BED-011,0
2026-04-10,11,BED-011,1
2026-04-11,11,BED-011,0
2026-04-12,11,BED-011,0
2026-04-13,11,BED-011,3
2026-04-14,11,BED-011,1
2026-04-15,11,BED-011,0
2026-04-16,11,BED-011,1
2026-04-17,11,BED-011,1
2026-04-18,11,BED-011,0
2026-04-19,11,BED-011,1
2026-04-20,11,BED-011,8
2026-04-21,11,BED-011,1
2026-04-22,11,BED-011,4
2026-04-23,11,BED-011,3
2026-04-24,11,BED-011,1
2026-04-25,11,BED-011,1
2026-04-26,11,BED-011,0
2026-04-27,11,BED-011,3
2026-04-28,11,BED-011,1
2026-04-29,11,BED-011,2
2026-04-30,11,BED-011,3
2026-05-01,11,BED-011,2
2026-05-02,11,BED-011,3
2026-05-03,11,BED-011,0
2026-05-04,11,BED-011,3
2026-05-05,11,BED-011,3
2026-05-06,11,BED-011,0
2026-05-07,11,BED-011,5
2026-05-08,11,BED-011,0
2026-05-09,11,BED-011,1
2026-05-10,11,BED-011,0
2026-05-11,11,BED-011,1
2026-05-12,11,BED-011,6
2026-05-13,11,BED-011,0
2026-05-14,11,BED-011,1
2026-05-15,11,BED-011,1
2026-05-16,11,BED-011,0
2026-05-17,11,BED-011,1
2026-05-18,11,BED-011,3
2026-05-19,11,BED-011,4
2026-05-20,11,BED-011,7
2026-05-21,11,BED-011,0
2026-05-22,11,BED-011,0
2026-05-23,11,BED-011,2
2026-05-24,11,BED-011,0
2026-05-25,11,BED-011,0
2026-05-26,11,BED-011,1
2026-05-27,11,BED-011,3
2026-05-28,11,BED-011,4
2026-05-29,11,BED-011,1
2026-05-30,11,BED-011,3
2026-05-31,11,BED-011,1
2026-06-01,11,BED-011,2
2026-06-02,11,BED-011,5
2026-06-03,11,BED-011,2
2026-06-04,11,BED-011,3
2026-06-05,11,BED-011,8
2026-06-06,11,BED-011,1
2026-06-07,11,BED-011,1
2026-06-08,11,BED-011,2
2026-06-09,11,BED-011,2
2026-06-10,11,BED-011,1
2026-06-11,11,BED-011,2
2026-06-12,11,BED-011,2
2026-06-13,11,BED-011,1
2026-06-14,11,BED-011,1
2026-06-15,11,BED-011,0
2026-06-16,11,BED-011,0
2026-06-17,11,BED-011,4
2026-06-18,11,BED-011,4
2026-06-19,11,BED-011,2
2026-06-20,11,BED-011,1
2026-06-21,11,BED-011,0
2026-06-22,11,BED-011,6
2026-06-23,11,BED-011,1
2026-06-24,11,BED-011,1
2026-06-25,11,BED-011,1
2026-06-26,11,BED-011,0
2026-06-27,11,BED-011,0
2026-06-28,11,BED-011,0
2026-06-29,11,BED-011,3
2026-06-30,11,BED-011,1
2026-07-01,11,BED-011,1
2026-07-02,11,BED-011,3
2026-07-03,11,BED-011,1
2026-07-04,11,BED-011,2
2026-07-05,11,BED-011,1
2026-07-06,11,BED-011,2
2026-07-07,11,BED-011,2
2026-07-08,11,BED-011,3
2026-07-09,11,BED-011,3
2026-07-10,11,BED-011,0
2026-07-11,11,BED-011,1
2026-07-12,11,BED-011,0
2026-07-13,11,BED-011,7
2026-07-14,11,BED-011,3
2026-07-15,11,BED-011,2
2026-07-16,11,BED-011,3
2026-07-17,11,BED-011,1
2026-07-18,11,BED-011,0
2026-07-19,11,BED-011,0
2026-07-20,11,BED-011,4
2026-07-21,11,BED-011,5
2026-07-22,11,BED-011,3
2026-07-23,11,BED-011,3
2026-07-24,11,BED-011,2
2026-07-25,11,BED-011,1
2026-07-26,11,BED-011,2
2026-07-27,11,BED-011,2
2026-07-28,11,BED-011,0
2026-07-29,11,BED-011,0
2026-07-30,11,BED-011,1
2026-07-31,11,BED-011,4
2026-08-01,11,BED-011,1
2026-08-02,11,BED-011,0
2026-08-03,11,BED-011,0
2026-08-04,11,BED-011,2
2026-08-05,11,BED-011,0
2026-08-06,11,BED-011,1
2026-08-07,11,BED-011,2
2026-08-08,11,BED-011,1
2026-08-09,11,BED-011,2
2026-08-10,11,BED-011,4
2026-08-11,11,BED-011,2
2026-08-12,11,BED-011,5
2026-08-13,11,BED-011,0
2026-08-14,11,BED-011,3
2026-08-15,11,BED-011,3
2026-08-16,11,BED-011,1
2026-08-17,11,BED-011,3
2026-08-18,11,BED-011,4
2026-08-19,11,BED-011,2
2026-08-20,11,BED-011,2
2026-08-21,11,BED-011,4
2026-08-22,11,BED-011,2
2026-08-23,11,BED-011,1
2026-08-24,11,BED-011,1
2026-02-26,12,BED-012,2
2026-02-27,12,BED-012,1
2026-02-28,12,BED-012,1
2026-03-01,12,BED-012,3
2026-03-02,12,BED-012,2
2026-03-03,12,BED-012,1
2026-03-04,12,BED-012,5
2026-03-05,12,BED-012,4
2026-03-06,12,BED-012,1
2026-03-07,12,BED-012,3
2026-03-08,12,BED-012,3
2026-03-09,12,BED-012,2
2026-03-10,12,BED-012,1
2026-03-11,12,BED-012,5
2026-03-12,12,BED-012,7
2026-03-13,12,BED-012,6
2026-03-14,12,BED-012,0
2026-03-15,12,BED-012,1
2026-03-16,12,BED-012,5
2026-03-17,12,BED-012,3
2026-03-18,12,BED-012,1
2026-03-19,12,BED-012,2
2026-03-20,12,BED-012,1
2026-03-21,12,BED-012,0
2026-03-22,12,BED-012,0
2026-03-23,12,BED-012,3
2026-03-24,12,BED-012,3
2026-03-25,12,BED-012,3
2026-03-26,12,BED-012,15
2026-03-27,12,BED-012,9
2026-03-28,12,BED-012,2
2026-03-29,12,BED-012,1
2026-03-30,12,BED-012,5
2026-03-31,12,BED-012,0
2026-04-01,12,BED-012,2
2026-04-02,12,BED-012,3
2026-04-03,12,BED-012,3
2026-04-04,12,BED-012,1
2026-04-05,12,BED-012,1
2026-04-06,12,BED-012,3
2026-04-07,12,BED-012,1
2026-04-08,12,BED-012,6
2026-04-09,12,BED-012,3
2026-04-10,12,BED-012,0
2026-04-11,12,BED-012,1
2026-04-12,12,BED-012,3
2026-04-13,12,BED-012,1
2026-04-14,12,BED-012,3
2026-04-15,12,BED-012,1
2026-04-16,12,BED-012,4
2026-04-17,12,BED-012,1
2026-04-18,12,BED-012,2
2026-04-19,12,BED-012,0
2026-04-20,12,BED-012,2
2026-04-21,12,BED-012,0
2026-04-22,12,BED-012,3
2026-04-23,12,BED-012,0
2026-04-24,12,BED-012,4
2026-04-25,12,BED-012,3
2026-04-26,12,BED-012,2
2026-04-27,12,BED-012,3
2026-04-28,12,BED-012,4
2026-04-29,12,BED-012,2
2026-04-30,12,BED-012,8
2026-05-01,12,BED-012,4
2026-05-02,12,BED-012,3
2026-05-03,12,BED-012,3
2026-05-04,12,BED-012,0
2026-05-05,12,BED-012,3
2026-05-06,12,BED-012,3
2026-05-07,12,BED-012,1
2026-05-08,12,BED-012,0
2026-05-09,12,BED-012,1
2026-05-10,12,BED-012,2
2026-05-11,12,BED-012,4
2026-05-12,12,BED-012,2
2026-05-13,12,BED-012,4
2026-05-14,12,BED-012,6
2026-05-15,12,BED-012,5
2026-05-16,12,BED-012,1
2026-05-17,12,BED-012,2
2026-05-18,12,BED-012,3
2026-05-19,12,BED-012,2
2026-05-20,12,BED-012,8
2026-05-21,12,BED-012,3
2026-05-22,12,BED-012,5
2026-05-23,12,BED-012,2
2026-05-24,12,BED-012,1
2026-05-25,12,BED-012,1
2026-05-26,12,BED-012,9
2026-05-27,12,BED-012,3
2026-05-28,12,BED-012,2
2026-05-29,12,BED-012,4
2026-05-30,12,BED-012,1
2026-05-31,12,BED-012,3
2026-06-01,12,BED-012,0
2026-06-02,12,BED-012,4
2026-06-03,12,BED-012,13
2026-06-04,12,BED-012,3
2026-06-05,12,BED-012,2
2026-06-06,12,BED-012,0
2026-06-07,12,BED-012,4
2026-06-08,12,BED-012,2
2026-06-09,12,BED-012,4
2026-06-10,12,BED-012,3
2026-06-11,12,BED-012,2
2026-06-12,12,BED-012,11
2026-06-13,12,BED-012,1
2026-06-14,12,BED-012,2
2026-06-15,12,BED-012,5
2026-06-16,12,BED-012,1
2026-06-17,12,BED-012,1
2026-06-18,12,BED-012,3
2026-06-19,12,BED-012,1
2026-06-20,12,BED-012,4
2026-06-21,12,BED-012,0
2026-06-22,12,BED-012,2
2026-06-23,12,BED-012,1
2026-06-24,12,BED-012,2
2026-06-25,12,BED-012,2
2026-06-26,12,BED-012,6
2026-06-27,12,BED-012,1
2026-06-28,12,BED-012,1
2026-06-29,12,BED-012,2
2026-06-30,12,BED-012,7
2026-07-01,12,BED-012,2
2026-07-02,12,BED-012,3
2026-07-03,12,BED-012,0
2026-07-04,12,BED-012,2
2026-07-05,12,BED-012,4
2026-07-06,12,BED-012,4
2026-07-07,12,BED-012,1
2026-07-08,12,BED-012,5
2026-07-09,12,BED-012,2
2026-07-10,12,BED-012,4
2026-07-11,12,BED-012,2
2026-07-12,12,BED-012,2
2026-07-13,12,BED-012,0
2026-07-14,12,BED-012,2
2026-07-15,12,BED-012,2
2026-07-16,12,BED-012,10
2026-07-17,12,BED-012,0
2026-07-18,12,BED-012,2
2026-07-19,12,BED-012,0
2026-07-20,12,BED-012,3
2026-07-21,12,BED-012,4
2026-07-22,12,BED-012,1
2026-07-23,12,BED-012,2
2026-07-24,12,BED-012,7
2026-07-25,12,BED-012,0
2026-07-26,12,BED-012,0
2026-07-27,12,BED-012,4
2026-07-28,12,BED-012,2
2026-07-29,12,BED-012,1
2026-07-30,12,BED-012,2
2026-07-31,12,BED-012,1
2026-08-01,12,BED-012,1
2026-08-02,12,BED-012,0
2026-08-03,12,BED-012,4
2026-08-04,12,BED-012,6
2026-08-05,12,BED-012,5
2026-08-06,12,BED-012,3
2026-08-07,12,BED-012,6
2026-08-08,12,BED-012,0
2026-08-09,12,BED-012,0
2026-08-10,12,BED-012,1
2026-08-11,12,BED-012,5
2026-08-12,12,BED-012,8
2026-08-13,12,BED-012,8
2026-08-14,12,BED-012,1
2026-08-15,12,BED-012,2
2026-08-16,12,BED-012,0
2026-08-17,12,BED-012,2
2026-08-18,12,BED-012,1
2026-08-19,12,BED-012,6
2026-08-20,12,BED-012,3
2026-08-21,12,BED-012,3
2026-08-22,12,BED-012,4
2026-08-23,12,BED-012,0
2026-08-24,12,BED-012,1
2026-02-26,13,BED-013,3
2026-02-27,13,BED-013,4
2026-02-28,13,BED-013,0
2026-03-01,13,BED-013,1
2026-03-02,13,BED-013,1
2026-03-03,13,BED-013,6
2026-03-04,13,BED-013,0
2026-03-05,13,BED-013,0
2026-03-06,13,BED-013,2
2026-03-07,13,BED-013,2
2026-03-08,13,BED-013,0
2026-03-09,13,BED-013,0
2026-03-10,13,BED-013,1
2026-03-11,13,BED-013,6
2026-03-12,13,BED-013,0
2026-03-13,13,BED-013,2
2026-03-14,13,BED-013,0
2026-03-15,13,BED-013,2
2026-03-16,13,BED-013,1
2026-03-17,13,BED-013,5
2026-03-18,13,BED-013,4
2026-03-19,13,BED-013,0
2026-03-20,13,BED-013,1
2026-03-21,13,BED-013,0
2026-03-22,13,BED-013,0
2026-03-23,13,BED-013,4
2026-03-24,13,BED-013,5
2026-03-25,13,BED-013,10
2026-03-26,13,BED-013,2
2026-03-27,13,BED-013,3
2026-03-28,13,BED-013,2
2026-03-29,13,BED-013,2
2026-03-30,13,BED-013,2
2026-03-31,13,BED-013,2
2026-04-01,13,BED-013,2
2026-04-02,13,BED-013,2
2026-04-03,13,BED-013,2
2026-04-04,13,BED-013,0
2026-04-05,13,BED-013,1
2026-04-06,13,BED-013,3
2026-04-07,13,BED-013,0
2026-04-08,13,BED-013,2
2026-04-09,13,BED-013,2
2026-04-10,13,BED-013,5
2026-04-11,13,BED-013,1
2026-04-12,13,BED-013,1
2026-04-13,13,BED-013,2
2026-04-14,13,BED-013,2
2026-04-15,13,BED-013,2
2026-04-16,13,BED-013,0
2026-04-17,13,BED-013,2
2026-04-18,13,BED-013,2
2026-04-19,13,BED-013,2
2026-04-20,13,BED-013,6
2026-04-21,13,BED-013,2
2026-04-22,13,BED-013,1
2026-04-23,13,BED-013,2
2026-04-24,13,BED-013,3
2026-04-25,13,BED-013,0
2026-04-26,13,BED-013,0
2026-04-27,13,BED-013,3
2026-04-28,13,BED-013,1
2026-04-29,13,BED-013,3
2026-04-30,13,BED-013,4
2026-05-01,13,BED-013,6
2026-05-02,13,BED-013,0
2026-05-03,13,BED-013,2
2026-05-04,13,BED-013,4
2026-05-05,13,BED-013,3
2026-05-06,13,BED-013,4
2026-05-07,13,BED-013,2
2026-05-08,13,BED-013,1
2026-05-09,13,BED-013,1
2026-05-10,13,BED-013,0
2026-05-11,13,BED-013,3
2026-05-12,13,BED-013,2
2026-05-13,13,BED-013,0
2026-05-14,13,BED-013,2
2026-05-15,13,BED-013,3
2026-05-16,13,BED-013,0
2026-05-17,13,BED-013,4
2026-05-18,13,BED-013,1
2026-05-19,13,BED-013,1
2026-05-20,13,BED-013,4
2026-05-21,13,BED-013,2
2026-05-22,13,BED-013,0
2026-05-23,13,BED-013,2
2026-05-24,13,BED-013,3
2026-05-25,13,BED-013,2
2026-05-26,13,BED-013,2
2026-05-27,13,BED-013,4
2026-05-28,13,BED-013,0
2026-05-29,13,BED-013,0
2026-05-30,13,BED-013,0
2026-05-31,13,BED-013,0
2026-06-01,13,BED-013,3
2026-06-02,13,BED-013,1
2026-06-03,13,BED-013,1
2026-06-04,13,BED-013,1
2026-06-05,13,BED-013,1
2026-06-06,13,BED-013,1
2026-06-07,13,BED-013,2
2026-06-08,13,BED-013,3
2026-06-09,13,BED-013,1
2026-06-10,13,BED-013,2
2026-06-11,13,BED-013,2
2026-06-12,13,BED-013,4
2026-06-13,13,BED-013,1
2026-06-14,13,BED-013,0
2026-06-15,13,BED-013,0
2026-06-16,13,BED-013,0
2026-06-17,13,BED-013,1
2026-06-18,13,BED-013,5
2026-06-19,13,BED-013,0
2026-06-20,13,BED-013,1
2026-06-21,13,BED-013,1
2026-06-22,13,BED-013,1
2026-06-23,13,BED-013,0
2026-06-24,13,BED-013,4
2026-06-25,13,BED-013,2
2026-06-26,13,BED-013,4
2026-06-27,13,BED-013,0
2026-06-28,13,BED-013,2
2026-06-29,13,BED-013,0
2026-06-30,13,BED-013,1
2026-07-01,13,BED-013,2
2026-07-02,13,BED-013,1
2026-07-03,13,BED-013,1
2026-07-04,13,BED-013,2
2026-07-05,13,BED-013,1
2026-07-06,13,BED-013,2
2026-07-07,13,BED-013,0
2026-07-08,13,BED-013,2
2026-07-09,13,BED-013,4
2026-07-10,13,BED-013,1
2026-07-11,13,BED-013,0
2026-07-12,13,BED-013,0
2026-07-13,13,BED-013,0
2026-07-14,13,BED-013,1
2026-07-15,13,BED-013,3
2026-07-16,13,BED-013,2
2026-07-17,13,BED-013,0
2026-07-18,13,BED-013,1
2026-07-19,13,BED-013,0
2026-07-20,13,BED-013,1
2026-07-21,13,BED-013,3
2026-07-22,13,BED-013,2
2026-07-23,13,BED-013,4
2026-07-24,13,BED-013,1
2026-07-25,13,BED-013,0
2026-07-26,13,BED-013,0
2026-07-27,13,BED-013,1
2026-07-28,13,BED-013,6
2026-07-29,13,BED-013,1
2026-07-30,13,BED-013,2
2026-07-31,13,BED-013,2
2026-08-01,13,BED-013,2
2026-08-02,13,BED-013,0
2026-08-03,13,BED-013,2
2026-08-04,13,BED-013,2
2026-08-05,13,BED-013,3
2026-08-06,13,BED-013,1
2026-08-07,13,BED-013,2
2026-08-08,13,BED-013,0
2026-08-09,13,BED-013,2
2026-08-10,13,BED-013,1
2026-08-11,13,BED-013,2
2026-08-12,13,BED-013,1
2026-08-13,13,BED-013,4
2026-08-14,13,BED-013,0
2026-08-15,13,BED-013,1
2026-08-16,13,BED-013,1
2026-08-17,13,BED-013,5
2026-08-18,13,BED-013,1
2026-08-19,13,BED-013,1
2026-08-20,13,BED-013,2
2026-08-21,13,BED-013,1
2026-08-22,13,BED-013,1
2026-08-23,13,BED-013,3
2026-08-24,13,BED-013,2
2026-02-26,14,BED-014,4
2026-02-27,14,BED-014,4
2026-02-28,14,BED-014,2
2026-03-01,14,BED-014,0
2026-03-02,14,BED-014,2
2026-03-03,14,BED-014,4
2026-03-04,14,BED-014,2
2026-03-05,14,BED-014,7
2026-03-06,14,BED-014,2
2026-03-07,14,BED-014,0
2026-03-08,14,BED-014,0
2026-03-09,14,BED-014,0
2026-03-10,14,BED-014,2
2026-03-11,14,BED-014,0
2026-03-12,14,BED-014,0
2026-03-13,14,BED-014,1
2026-03-14,14,BED-014,1
2026-03-15,14,BED-014,2
2026-03-16,14,BED-014,1
2026-03-17,14,BED-014,2
2026-03-18,14,BED-014,1
2026-03-19,14,BED-014,3
2026-03-20,14,BED-014,0
2026-03-21,14,BED-014,1
2026-03-22,14,BED-014,0
2026-03-23,14,BED-014,1
2026-03-24,14,BED-014,1
2026-03-25,14,BED-014,1
2026-03-26,14,BED-014,2
2026-03-27,14,BED-014,2
2026-03-28,14,BED-014,1
2026-03-29,14,BED-014,0
2026-03-30,14,BED-014,2
2026-03-31,14,BED-014,0
2026-04-01,14,BED-014,1
2026-04-02,14,BED-014,0
2026-04-03,14,BED-014,2
2026-04-04,14,BED-014,0
2026-04-05,14,BED-014,2
2026-04-06,14,BED-014,2
2026-04-07,14,BED-014,2
2026-04-08,14,BED-014,1
2026-04-09,14,BED-014,0
2026-04-10,14,BED-014,2
2026-04-11,14,BED-014,0
2026-04-12,14,BED-014,0
2026-04-13,14,BED-014,5
2026-04-14,14,BED-014,1
2026-04-15,14,BED-014,4
2026-04-16,14,BED-014,0
2026-04-17,14,BED-014,0
2026-04-18,14,BED-014,0
2026-04-19,14,BED-014,1
2026-04-20,14,BED-014,7
2026-04-21,14,BED-014,2
2026-04-22,14,BED-014,0
2026-04-23,14,BED-014,2
2026-04-24,14,BED-014,0
2026-04-25,14,BED-014,0
2026-04-26,14,BED-014,0
2026-04-27,14,BED-014,1
2026-04-28,14,BED-014,2
2026-04-29,14,BED-014,3
2026-04-30,14,BED-014,2
2026-05-01,14,BED-014,1
2026-05-02,14,BED-014,0
2026-05-03,14,BED-014,0
2026-05-04,14,BED-014,1
2026-05-05,14,BED-014,2
2026-05-06,14,BED-014,0
2026-05-07,14,BED-014,7
2026-05-08,14,BED-014,1
2026-05-09,14,BED-014,2
2026-05-10,14,BED-014,1
2026-05-11,14,BED-014,2
2026-05-12,14,BED-014,1
2026-05-13,14,BED-014,3
2026-05-14,14,BED-014,3
2026-05-15,14,BED-014,2
2026-05-16,14,BED-014,1
2026-05-17,14,BED-014,0
2026-05-18,14,BED-014,1
2026-05-19,14,BED-014,1
2026-05-20,14,BED-014,2
2026-05-21,14,BED-014,3
2026-05-22,14,BED-014,1
2026-05-23,14,BED-014,3
2026-05-24,14,BED-014,0
2026-05-25,14,BED-014,0
2026-05-26,14,BED-014,0
2026-05-27,14,BED-014,1
2026-05-28,14,BED-014,0
2026-05-29,14,BED-014,3
2026-05-30,14,BED-014,0
2026-05-31,14,BED-014,1
2026-06-01,14,BED-014,3
2026-06-02,14,BED-014,2
2026-06-03,14,BED-014,1
2026-06-04,14,BED-014,1
2026-06-05,14,BED-014,1
2026-06-06,14,BED-014,1
2026-06-07,14,BED-014,0
2026-06-08,14,BED-014,2
2026-06-09,14,BED-014,2
2026-06-10,14,BED-014,1
2026-06-11,14,BED-014,1
2026-06-12,14,BED-014,2
2026-06-13,14,BED-014,0
2026-06-14,14,BED-014,1
2026-06-15,14,BED-014,4
2026-06-16,14,BED-014,1
2026-06-17,14,BED-014,1
2026-06-18,14,BED-014,0
2026-06-19,14,BED-014,2
2026-06-20,14,BED-014,0
2026-06-21,14,BED-014,0
2026-06-22,14,BED-014,1
2026-06-23,14,BED-014,2
2026-06-24,14,BED-014,0
2026-06-25,14,BED-014,1
2026-06-26,14,BED-014,3
2026-06-27,14,BED-014,1
2026-06-28,14,BED-014,1
2026-06-29,14,BED-014,1
2026-06-30,14,BED-014,7
2026-07-01,14,BED-014,2
2026-07-02,14,BED-014,2
2026-07-03,14,BED-014,0
2026-07-04,14,BED-014,0
2026-07-05,14,BED-014,0
2026-07-06,14,BED-014,1
2026-07-07,14,BED-014,2
2026-07-08,14,BED-014,2
2026-07-09,14,BED-014,1
2026-07-10,14,BED-014,1
2026-07-11,14,BED-014,1
2026-07-12,14,BED-014,0
2026-07-13,14,BED-014,0
2026-07-14,14,BED-014,1
2026-07-15,14,BED-014,0
2026-07-16,14,BED-014,0
2026-07-17,14,BED-014,1
2026-07-18,14,BED-014,0
2026-07-19,14,BED-014,4
2026-07-20,14,BED-014,1
2026-07-21,14,BED-014,2
2026-07-22,14,BED-014,4
2026-07-23,14,BED-014,3
2026-07-24,14,BED-014,3
2026-07-25,14,BED-014,0
2026-07-26,14,BED-014,0
2026-07-27,14,BED-014,1
2026-07-28,14,BED-014,0
2026-07-29,14,BED-014,1
2026-07-30,14,BED-014,3
2026-07-31,14,BED-014,2
2026-08-01,14,BED-014,0
2026-08-02,14,BED-014,2
2026-08-03,14,BED-014,1
2026-08-04,14,BED-014,5
2026-08-05,14,BED-014,0
2026-08-06,14,BED-014,2
2026-08-07,14,BED-014,7
2026-08-08,14,BED-014,1
2026-08-09,14,BED-014,2
2026-08-10,14,BED-014,1
2026-08-11,14,BED-014,3
2026-08-12,14,BED-014,0
2026-08-13,14,BED-014,2
2026-08-14,14,BED-014,0
2026-08-15,14,BED-014,1
2026-08-16,14,BED-014,1
2026-08-17,14,BED-014,3
2026-08-18,14,BED-014,1
2026-08-19,14,BED-014,0
2026-08-20,14,BED-014,0
2026-08-21,14,BED-014,3
2026-08-22,14,BED-014,1
2026-08-23,14,BED-014,3
2026-08-24,14,BED-014,1
2026-02-26,15,BED-015,2
2026-02-27,15,BED-015,5
2026-02-28,15,BED-015,0
2026-03-01,15,BED-015,4
2026-03-02,15,BED-015,2
2026-03-03,15,BED-015,0
2026-03-04,15,BED-015,0
2026-03-05,15,BED-015,0
2026-03-06,15,BED-015,1
2026-03-07,15,BED-015,0
2026-03-08,15,BED-015,0
2026-03-09,15,BED-015,0
2026-03-10,15,BED-015,3
2026-03-11,15,BED-015,3
2026-03-12,15,BED-015,5
2026-03-13,15,BED-015,0
2026-03-14,15,BED-015,0
2026-03-15,15,BED-015,0
2026-03-16,15,BED-015,1
2026-03-17,15,BED-015,5
2026-03-18,15,BED-015,1
2026-03-19,15,BED-015,2
2026-03-20,15,BED-015,1
2026-03-21,15,BED-015,1
2026-03-22,15,BED-015,1
2026-03-23,15,BED-015,1
2026-03-24,15,BED-015,0
2026-03-25,15,BED-015,0
2026-03-26,15,BED-015,0
2026-03-27,15,BED-015,1
2026-03-28,15,BED-015,2
2026-03-29,15,BED-015,1
2026-03-30,15,BED-015,2
2026-03-31,15,BED-015,1
2026-04-01,15,BED-015,1
2026-04-02,15,BED-015,2
2026-04-03,15,BED-015,1
2026-04-04,15,BED-015,0
2026-04-05,15,BED-015,1
2026-04-06,15,BED-015,0
2026-04-07,15,BED-015,1
2026-04-08,15,BED-015,2
2026-04-09,15,BED-015,2
2026-04-10,15,BED-015,2
2026-04-11,15,BED-015,0
2026-04-12,15,BED-015,0
2026-04-13,15,BED-015,0
2026-04-14,15,BED-015,0
2026-04-15,15,BED-015,1
2026-04-16,15,BED-015,1
2026-04-17,15,BED-015,2
2026-04-18,15,BED-015,2
2026-04-19,15,BED-015,1
2026-04-20,15,BED-015,0
2026-04-21,15,BED-015,1
2026-04-22,15,BED-015,3
2026-04-23,15,BED-015,0
2026-04-24,15,BED-015,3
2026-04-25,15,BED-015,0
2026-04-26,15,BED-015,1
2026-04-27,15,BED-015,1
2026-04-28,15,BED-015,1
2026-04-29,15,BED-015,0
2026-04-30,15,BED-015,0
2026-05-01,15,BED-015,2
2026-05-02,15,BED-015,1
2026-05-03,15,BED-015,0
2026-05-04,15,BED-015,1
2026-05-05,15,BED-015,2
2026-05-06,15,BED-015,1
2026-05-07,15,BED-015,0
2026-05-08,15,BED-015,1
2026-05-09,15,BED-015,0
2026-05-10,15,BED-015,3
2026-05-11,15,BED-015,0
2026-05-12,15,BED-015,0
2026-05-13,15,BED-015,1
2026-05-14,15,BED-015,1
2026-05-15,15,BED-015,1
2026-05-16,15,BED-015,0
2026-05-17,15,BED-015,1
2026-05-18,15,BED-015,0
2026-05-19,15,BED-015,2
2026-05-20,15,BED-015,3
2026-05-21,15,BED-015,2
2026-05-22,15,BED-015,2
2026-05-23,15,BED-015,0
2026-05-24,15,BED-015,1
2026-05-25,15,BED-015,0
2026-05-26,15,BED-015,1
2026-05-27,15,BED-015,0
2026-05-28,15,BED-015,0
2026-05-29,15,BED-015,3
2026-05-30,15,BED-015,2
2026-05-31,15,BED-015,0
2026-06-01,15,BED-015,0
2026-06-02,15,BED-015,5
2026-06-03,15,BED-015,1
2026-06-04,15,BED-015,3
2026-06-05,15,BED-015,2
2026-06-06,15,BED-015,1
2026-06-07,15,BED-015,0
2026-06-08,15,BED-015,1
2026-06-09,15,BED-015,3
2026-06-10,15,BED-015,4
2026-06-11,15,BED-015,3
2026-06-12,15,BED-015,0
2026-06-13,15,BED-015,0
2026-06-14,15,BED-015,1
2026-06-15,15,BED-015,0
2026-06-16,15,BED-015,2
2026-06-17,15,BED-015,2
2026-06-18,15,BED-015,0
2026-06-19,15,BED-015,2
2026-06-20,15,BED-015,0
2026-06-21,15,BED-015,0
2026-06-22,15,BED-015,0
2026-06-23,15,BED-015,0
2026-06-24,15,BED-015,2
2026-06-25,15,BED-015,1
2026-06-26,15,BED-015,1
2026-06-27,15,BED-015,0
2026-06-28,15,BED-015,0
2026-06-29,15,BED-015,2
2026-06-30,15,BED-015,0
2026-07-01,15,BED-015,0
2026-07-02,15,BED-015,3
2026-07-03,15,BED-015,1
2026-07-04,15,BED-015,0
2026-07-05,15,BED-015,2
2026-07-06,15,BED-015,2
2026-07-07,15,BED-015,3
2026-07-08,15,BED-015,1
2026-07-09,15,BED-015,0
2026-07-10,15,BED-015,1
2026-07-11,15,BED-015,0
2026-07-12,15,BED-015,1
2026-07-13,15,BED-015,3
2026-07-14,15,BED-015,0
2026-07-15,15,BED-015,2
2026-07-16,15,BED-015,1
2026-07-17,15,BED-015,2
2026-07-18,15,BED-015,0
2026-07-19,15,BED-015,1
2026-07-20,15,BED-015,1
2026-07-21,15,BED-015,0
2026-07-22,15,BED-015,2
2026-07-23,15,BED-015,0
2026-07-24,15,BED-015,1
2026-07-25,15,BED-015,0
2026-07-26,15,BED-015,0
2026-07-27,15,BED-015,0
2026-07-28,15,BED-015,1
2026-07-29,15,BED-015,1
2026-07-30,15,BED-015,1
2026-07-31,15,BED-015,1
2026-08-01,15,BED-015,0
2026-08-02,15,BED-015,1
2026-08-03,15,BED-015,0
2026-08-04,15,BED-015,1
2026-08-05,15,BED-015,2
2026-08-06,15,BED-015,0
2026-08-07,15,BED-015,1
2026-08-08,15,BED-015,1
2026-08-09,15,BED-015,0
2026-08-10,15,BED-015,0
2026-08-11,15,BED-015,3
2026-08-12,15,BED-015,1
2026-08-13,15,BED-015,2
2026-08-14,15,BED-015,3
2026-08-15,15,BED-015,0
2026-08-16,15,BED-015,0
2026-08-17,15,BED-015,1
2026-08-18,15,BED-015,3
2026-08-19,15,BED-015,0
2026-08-20,15,BED-015,1
2026-08-21,15,BED-015,0
2026-08-22,15,BED-015,2
2026-08-23,15,BED-015,1
2026-08-24,15,BED-015,0
2026-02-26,16,BED-016,0
2026-02-27,16,BED-016,2
2026-02-28,16,BED-016,0
2026-03-01,16,BED-016,0
2026-03-02,16,BED-016,2
2026-03-03,16,BED-016,1
2026-03-04,16,BED-016,0
2026-03-05,16,BED-016,2
2026-03-06,16,BED-016,1
2026-03-07,16,BED-016,3
2026-03-08,16,BED-016,1
2026-03-09,16,BED-016,1
2026-03-10,16,BED-016,3
2026-03-11,16,BED-016,1
2026-03-12,16,BED-016,0
2026-03-13,16,BED-016,0
2026-03-14,16,BED-016,1
2026-03-15,16,BED-016,1
2026-03-16,16,BED-016,1
2026-03-17,16,BED-016,0
2026-03-18,16,BED-016,2
2026-03-19,16,BED-016,0
2026-03-20,16,BED-016,0
2026-03-21,16,BED-016,2
2026-03-22,16,BED-016,0
2026-03-23,16,BED-016,0
2026-03-24,16,BED-016,1
2026-03-25,16,BED-016,0
2026-03-26,16,BED-016,1
2026-03-27,16,BED-016,2
2026-03-28,16,BED-016,0
2026-03-29,16,BED-016,1
2026-03-30,16,BED-016,1
2026-03-31,16,BED-016,1
2026-04-01,16,BED-016,2
2026-04-02,16,BED-016,2
2026-04-03,16,BED-016,3
2026-04-04,16,BED-016,0
2026-04-05,16,BED-016,1
2026-04-06,16,BED-016,0
2026-04-07,16,BED-016,0
2026-04-08,16,BED-016,2
2026-04-09,16,BED-016,2
2026-04-10,16,BED-016,0
2026-04-11,16,BED-016,2
2026-04-12,16,BED-016,0
2026-04-13,16,BED-016,0
2026-04-14,16,BED-016,0
2026-04-15,16,BED-016,2
2026-04-16,16,BED-016,0
2026-04-17,16,BED-016,0
2026-04-18,16,BED-016,0
2026-04-19,16,BED-016,2
2026-04-20,16,BED-016,2
2026-04-21,16,BED-016,0
2026-04-22,16,BED-016,2
2026-04-23,16,BED-016,0
2026-04-24,16,BED-016,2
2026-04-25,16,BED-016,1
2026-04-26,16,BED-016,0
2026-04-27,16,BED-016,1
2026-04-28,16,BED-016,1
2026-04-29,16,BED-016,0
2026-04-30,16,BED-016,0
2026-05-01,16,BED-016,0
2026-05-02,16,BED-016,0
2026-05-03,16,BED-016,1
2026-05-04,16,BED-016,0
2026-05-05,16,BED-016,0
2026-05-06,16,BED-016,2
2026-05-07,16,BED-016,3
2026-05-08,16,BED-016,0
2026-05-09,16,BED-016,0
2026-05-10,16,BED-016,0
2026-05-11,16,BED-016,0
2026-05-12,16,BED-016,1
2026-05-13,16,BED-016,1
2026-05-14,16,BED-016,0
2026-05-15,16,BED-016,2
2026-05-16,16,BED-016,1
2026-05-17,16,BED-016,1
2026-05-18,16,BED-016,1
2026-05-19,16,BED-016,2
2026-05-20,16,BED-016,1
2026-05-21,16,BED-016,1
2026-05-22,16,BED-016,0
2026-05-23,16,BED-016,1
2026-05-24,16,BED-016,2
2026-05-25,16,BED-016,2
2026-05-26,16,BED-016,0
2026-05-27,16,BED-016,1
2026-05-28,16,BED-016,2
2026-05-29,16,BED-016,2
2026-05-30,16,BED-016,0
2026-05-31,16,BED-016,3
2026-06-01,16,BED-016,2
2026-06-02,16,BED-016,1
2026-06-03,16,BED-016,5
2026-06-04,16,BED-016,3
2026-06-05,16,BED-016,5
2026-06-06,16,BED-016,0
2026-06-07,16,BED-016,0
2026-06-08,16,BED-016,1
2026-06-09,16,BED-016,1
2026-06-10,16,BED-016,2
2026-06-11,16,BED-016,2
2026-06-12,16,BED-016,2
2026-06-13,16,BED-016,0
2026-06-14,16,BED-016,0
2026-06-15,16,BED-016,1
2026-06-16,16,BED-016,1
2026-06-17,16,BED-016,1
2026-06-18,16,BED-016,0
2026-06-19,16,BED-016,2
2026-06-20,16,BED-016,0
2026-06-21,16,BED-016,1
2026-06-22,16,BED-016,1
2026-06-23,16,BED-016,0
2026-06-24,16,BED-016,1
2026-06-25,16,BED-016,1
2026-06-26,16,BED-016,3
2026-06-27,16,BED-016,1
2026-06-28,16,BED-016,0
2026-06-29,16,BED-016,2
2026-06-30,16,BED-016,0
2026-07-01,16,BED-016,1
2026-07-02,16,BED-016,2
2026-07-03,16,BED-016,0
2026-07-04,16,BED-016,0
2026-07-05,16,BED-016,1
2026-07-06,16,BED-016,0
2026-07-07,16,BED-016,2
2026-07-08,16,BED-016,1
2026-07-09,16,BED-016,3
2026-07-10,16,BED-016,0
2026-07-11,16,BED-016,0
2026-07-12,16,BED-016,0
2026-07-13,16,BED-016,2
2026-07-14,16,BED-016,0
2026-07-15,16,BED-016,1
2026-07-16,16,BED-016,0
2026-07-17,16,BED-016,1
2026-07-18,16,BED-016,0
2026-07-19,16,BED-016,0
2026-07-20,16,BED-016,3
2026-07-21,16,BED-016,3
2026-07-22,16,BED-016,0
2026-07-23,16,BED-016,1
2026-07-24,16,BED-016,1
2026-07-25,16,BED-016,1
2026-07-26,16,BED-016,0
2026-07-27,16,BED-016,0
2026-07-28,16,BED-016,1
2026-07-29,16,BED-016,2
2026-07-30,16,BED-016,2
2026-07-31,16,BED-016,1
2026-08-01,16,BED-016,0
2026-08-02,16,BED-016,0
2026-08-03,16,BED-016,0
2026-08-04,16,BED-016,0
2026-08-05,16,BED-016,1
2026-08-06,16,BED-016,0
2026-08-07,16,BED-016,1
2026-08-08,16,BED-016,0
2026-08-09,16,BED-016,1
2026-08-10,16,BED-016,1
2026-08-11,16,BED-016,2
2026-08-12,16,BED-016,4
2026-08-13,16,BED-016,2
2026-08-14,16,BED-016,0
2026-08-15,16,BED-016,0
2026-08-16,16,BED-016,1
2026-08-17,16,BED-016,0
2026-08-18,16,BED-016,1
2026-08-19,16,BED-016,1
2026-08-20,16,BED-016,4
2026-08-21,16,BED-016,2
2026-08-22,16,BED-016,1
2026-08-23,16,BED-016,0
2026-08-24,16,BED-016,3
2026-02-26,17,BED-017,3
2026-02-27,17,BED-017,4
2026-02-28,17,BED-017,2
2026-03-01,17,BED-017,0
2026-03-02,17,BED-017,2
2026-03-03,17,BED-017,4
2026-03-04,17,BED-017,1
2026-03-05,17,BED-017,3
2026-03-06,17,BED-017,4
2026-03-07,17,BED-017,2
2026-03-08,17,BED-017,1
2026-03-09,17,BED-017,1
2026-03-10,17,BED-017,2
2026-03-11,17,BED-017,3
2026-03-12,17,BED-017,3
2026-03-13,17,BED-017,4
2026-03-14,17,BED-017,2
2026-03-15,17,BED-017,0
2026-03-16,17,BED-017,1
2026-03-17,17,BED-017,3
2026-03-18,17,BED-017,1
2026-03-19,17,BED-017,3
2026-03-20,17,BED-017,0
2026-03-21,17,BED-017,1
2026-03-22,17,BED-017,0
2026-03-23,17,BED-017,10
2026-03-24,17,BED-017,2
2026-03-25,17,BED-017,1
2026-03-26,17,BED-017,2
2026-03-27,17,BED-017,1
2026-03-28,17,BED-017,2
2026-03-29,17,BED-017,0
2026-03-30,17,BED-017,4
2026-03-31,17,BED-017,1
2026-04-01,17,BED-017,1
2026-04-02,17,BED-017,4
2026-04-03,17,BED-017,4
2026-04-04,17,BED-017,1
2026-04-05,17,BED-017,0
2026-04-06,17,BED-017,4
2026-04-07,17,BED-017,2
2026-04-08,17,BED-017,3
2026-04-09,17,BED-017,1
2026-04-10,17,BED-017,4
2026-04-11,17,BED-017,2
2026-04-12,17,BED-017,0
2026-04-13,17,BED-017,4
2026-04-14,17,BED-017,2
2026-04-15,17,BED-017,4
2026-04-16,17,BED-017,1
2026-04-17,17,BED-017,1
2026-04-18,17,BED-017,0
2026-04-19,17,BED-017,1
2026-04-20,17,BED-017,0
2026-04-21,17,BED-017,2
2026-04-22,17,BED-017,2
2026-04-23,17,BED-017,5
2026-04-24,17,BED-017,1
2026-04-25,17,BED-017,1
2026-04-26,17,BED-017,1
2026-04-27,17,BED-017,1
2026-04-28,17,BED-017,2
2026-04-29,17,BED-017,4
2026-04-30,17,BED-017,3
2026-05-01,17,BED-017,0
2026-05-02,17,BED-017,0
2026-05-03,17,BED-017,4
2026-05-04,17,BED-017,6
2026-05-05,17,BED-017,9
2026-05-06,17,BED-017,2
2026-05-07,17,BED-017,3
2026-05-08,17,BED-017,0
2026-05-09,17,BED-017,1
2026-05-10,17,BED-017,1
2026-05-11,17,BED-017,1
2026-05-12,17,BED-017,2
2026-05-13,17,BED-017,5
2026-05-14,17,BED-017,3
2026-05-15,17,BED-017,7
2026-05-16,17,BED-017,0
2026-05-17,17,BED-017,2
2026-05-18,17,BED-017,2
2026-05-19,17,BED-017,0
2026-05-20,17,BED-017,4
2026-05-21,17,BED-017,5
2026-05-22,17,BED-017,5
2026-05-23,17,BED-017,1
2026-05-24,17,BED-017,1
2026-05-25,17,BED-017,8
2026-05-26,17,BED-017,3
2026-05-27,17,BED-017,6
2026-05-28,17,BED-017,2
2026-05-29,17,BED-017,1
2026-05-30,17,BED-017,0
2026-05-31,17,BED-017,0
2026-06-01,17,BED-017,3
2026-06-02,17,BED-017,4
2026-06-03,17,BED-017,3
2026-06-04,17,BED-017,4
2026-06-05,17,BED-017,1
2026-06-06,17,BED-017,1
2026-06-07,17,BED-017,1
2026-06-08,17,BED-017,8
2026-06-09,17,BED-017,2
2026-06-10,17,BED-017,0
2026-06-11,17,BED-017,3
2026-06-12,17,BED-017,1
2026-06-13,17,BED-017,2
2026-06-14,17,BED-017,2
2026-06-15,17,BED-017,2
2026-06-16,17,BED-017,2
2026-06-17,17,BED-017,2
2026-06-18,17,BED-017,7
2026-06-19,17,BED-017,2
2026-06-20,17,BED-017,3
2026-06-21,17,BED-017,4
2026-06-22,17,BED-017,4
2026-06-23,17,BED-017,1
2026-06-24,17,BED-017,5
2026-06-25,17,BED-017,1
2026-06-26,17,BED-017,3
2026-06-27,17,BED-017,0
2026-06-28,17,BED-017,0
2026-06-29,17,BED-017,1
2026-06-30,17,BED-017,4
2026-07-01,17,BED-017,10
2026-07-02,17,BED-017,4
2026-07-03,17,BED-017,2
2026-07-04,17,BED-017,2
2026-07-05,17,BED-017,5
2026-07-06,17,BED-017,3
2026-07-07,17,BED-017,3
2026-07-08,17,BED-017,4
2026-07-09,17,BED-017,2
2026-07-10,17,BED-017,0
2026-07-11,17,BED-017,2
2026-07-12,17,BED-017,1
2026-07-13,17,BED-017,4
2026-07-14,17,BED-017,4
2026-07-15,17,BED-017,6
2026-07-16,17,BED-017,10
2026-07-17,17,BED-017,2
2026-07-18,17,BED-017,1
2026-07-19,17,BED-017,1
2026-07-20,17,BED-017,6
2026-07-21,17,BED-017,1
2026-07-22,17,BED-017,6
2026-07-23,17,BED-017,9
2026-07-24,17,BED-017,1
2026-07-25,17,BED-017,0
2026-07-26,17,BED-017,1
2026-07-27,17,BED-017,1
2026-07-28,17,BED-017,2
2026-07-29,17,BED-017,1
2026-07-30,17,BED-017,0
2026-07-31,17,BED-017,1
2026-08-01,17,BED-017,1
2026-08-02,17,BED-017,0
2026-08-03,17,BED-017,1
2026-08-04,17,BED-017,2
2026-08-05,17,BED-017,3
2026-08-06,17,BED-017,2
2026-08-07,17,BED-017,1
2026-08-08,17,BED-017,1
2026-08-09,17,BED-017,3
2026-08-10,17,BED-017,4
2026-08-11,17,BED-017,3
2026-08-12,17,BED-017,4
2026-08-13,17,BED-017,2
2026-08-14,17,BED-017,6
2026-08-15,17,BED-017,1
2026-08-16,17,BED-017,0
2026-08-17,17,BED-017,5
2026-08-18,17,BED-017,10
2026-08-19,17,BED-017,3
2026-08-20,17,BED-017,0
2026-08-21,17,BED-017,9
2026-08-22,17,BED-017,0
2026-08-23,17,BED-017,3
2026-08-24,17,BED-017,3
2026-02-26,18,BED-018,0
2026-02-27,18,BED-018,0
2026-02-28,18,BED-018,0
2026-03-01,18,BED-018,1
2026-03-02,18,BED-018,1
2026-03-03,18,BED-018,2
2026-03-04,18,BED-018,6
2026-03-05,18,BED-018,1
2026-03-06,18,BED-018,3
2026-03-07,18,BED-018,0
2026-03-08,18,BED-018,1
2026-03-09,18,BED-018,0
2026-03-10,18,BED-018,0
2026-03-11,18,BED-018,2
2026-03-12,18,BED-018,2
2026-03-13,18,BED-018,2
2026-03-14,18,BED-018,0
2026-03-15,18,BED-018,1
2026-03-16,18,BED-018,2
2026-03-17,18,BED-018,2
2026-03-18,18,BED-018,1
2026-03-19,18,BED-018,1
2026-03-20,18,BED-018,3
2026-03-21,18,BED-018,0
2026-03-22,18,BED-018,1
2026-03-23,18,BED-018,5
2026-03-24,18,BED-018,4
2026-03-25,18,BED-018,1
2026-03-26,18,BED-018,11
2026-03-27,18,BED-018,2
2026-03-28,18,BED-018,0
2026-03-29,18,BED-018,2
2026-03-30,18,BED-018,1
2026-03-31,18,BED-018,0
2026-04-01,18,BED-018,2
2026-04-02,18,BED-018,2
2026-04-03,18,BED-018,1
2026-04-04,18,BED-018,3
2026-04-05,18,BED-018,0
2026-04-06,18,BED-018,3
2026-04-07,18,BED-018,3
2026-04-08,18,BED-018,2
2026-04-09,18,BED-018,7
2026-04-10,18,BED-018,5
2026-04-11,18,BED-018,2
2026-04-12,18,BED-018,0
2026-04-13,18,BED-018,1
2026-04-14,18,BED-018,3
2026-04-15,18,BED-018,6
2026-04-16,18,BED-018,2
2026-04-17,18,BED-018,2
2026-04-18,18,BED-018,2
2026-04-19,18,BED-018,2
2026-04-20,18,BED-018,5
2026-04-21,18,BED-018,13
2026-04-22,18,BED-018,1
2026-04-23,18,BED-018,0
2026-04-24,18,BED-018,3
2026-04-25,18,BED-018,1
2026-04-26,18,BED-018,2
2026-04-27,18,BED-018,20
2026-04-28,18,BED-018,2
2026-04-29,18,BED-018,3
2026-04-30,18,BED-018,3
2026-05-01,18,BED-018,1
2026-05-02,18,BED-018,1
2026-05-03,18,BED-018,3
2026-05-04,18,BED-018,4
2026-05-05,18,BED-018,4
2026-05-06,18,BED-018,4
2026-05-07,18,BED-018,3
2026-05-08,18,BED-018,4
2026-05-09,18,BED-018,4
2026-05-10,18,BED-018,1
2026-05-11,18,BED-018,6
2026-05-12,18,BED-018,1
2026-05-13,18,BED-018,5
2026-05-14,18,BED-018,3
2026-05-15,18,BED-018,0
2026-05-16,18,BED-018,3
2026-05-17,18,BED-018,2
2026-05-18,18,BED-018,2
2026-05-19,18,BED-018,3
2026-05-20,18,BED-018,1
2026-05-21,18,BED-018,5
2026-05-22,18,BED-018,1
2026-05-23,18,BED-018,2
2026-05-24,18,BED-018,4
2026-05-25,18,BED-018,3
2026-05-26,18,BED-018,1
2026-05-27,18,BED-018,3
2026-05-28,18,BED-018,0
2026-05-29,18,BED-018,3
2026-05-30,18,BED-018,2
2026-05-31,18,BED-018,0
2026-06-01,18,BED-018,5
2026-06-02,18,BED-018,2
2026-06-03,18,BED-018,3
2026-06-04,18,BED-018,3
2026-06-05,18,BED-018,2
2026-06-06,18,BED-018,1
2026-06-07,18,BED-018,0
2026-06-08,18,BED-018,3
2026-06-09,18,BED-018,1
2026-06-10,18,BED-018,4
2026-06-11,18,BED-018,4
2026-06-12,18,BED-018,3
2026-06-13,18,BED-018,2
2026-06-14,18,BED-018,7
2026-06-15,18,BED-018,3
2026-06-16,18,BED-018,4
2026-06-17,18,BED-018,4
2026-06-18,18,BED-018,6
2026-06-19,18,BED-018,3
2026-06-20,18,BED-018,2
2026-06-21,18,BED-018,1
2026-06-22,18,BED-018,1
2026-06-23,18,BED-018,3
2026-06-24,18,BED-018,1
2026-06-25,18,BED-018,5
2026-06-26,18,BED-018,4
2026-06-27,18,BED-018,1
2026-06-28,18,BED-018,2
2026-06-29,18,BED-018,3
2026-06-30,18,BED-018,3
2026-07-01,18,BED-018,0
2026-07-02,18,BED-018,1
2026-07-03,18,BED-018,5
2026-07-04,18,BED-018,0
2026-07-05,18,BED-018,3
2026-07-06,18,BED-018,2
2026-07-07,18,BED-018,5
2026-07-08,18,BED-018,3
2026-07-09,18,BED-018,4
2026-07-10,18,BED-018,2
2026-07-11,18,BED-018,2
2026-07-12,18,BED-018,1
2026-07-13,18,BED-018,1
2026-07-14,18,BED-018,0
2026-07-15,18,BED-018,1
2026-07-16,18,BED-018,7
2026-07-17,18,BED-018,5
2026-07-18,18,BED-018,0
2026-07-19,18,BED-018,2
2026-07-20,18,BED-018,3
2026-07-21,18,BED-018,4
2026-07-22,18,BED-018,3
2026-07-23,18,BED-018,4
2026-07-24,18,BED-018,0
2026-07-25,18,BED-018,1
2026-07-26,18,BED-018,3
2026-07-27,18,BED-018,2
2026-07-28,18,BED-018,3
2026-07-29,18,BED-018,3
2026-07-30,18,BED-018,2
2026-07-31,18,BED-018,3
2026-08-01,18,BED-018,3
2026-08-02,18,BED-018,0
2026-08-03,18,BED-018,8
2026-08-04,18,BED-018,1
2026-08-05,18,BED-018,2
2026-08-06,18,BED-018,5
2026-08-07,18,BED-018,5
2026-08-08,18,BED-018,1
2026-08-09,18,BED-018,1
2026-08-10,18,BED-018,3
2026-08-11,18,BED-018,4
2026-08-12,18,BED-018,3
2026-08-13,18,BED-018,2
2026-08-14,18,BED-018,3
2026-08-15,18,BED-018,0
2026-08-16,18,BED-018,0
2026-08-17,18,BED-018,3
2026-08-18,18,BED-018,3
2026-08-19,18,BED-018,0
2026-08-20,18,BED-018,3
2026-08-21,18,BED-018,1
2026-08-22,18,BED-018,3
2026-08-23,18,BED-018,2
2026-08-24,18,BED-018,2
